{"name": "BRIDGE", "bones": [{"name": "dummy bone", "parent": -1, "bindLocal": [1.0, 0.0, -0.0, 0.0, -0.0, 0.0, -1.0, -0.0, 0.0, 1.0, 0.0, 0.0, 0.0, 0.0, 0.0, 1.0], "invBind": [1.0, -0.0, 0.0, 0.0, 0.0, 0.0, 1.0, 0.0, -0.0, -1.0, 0.0, 0.0, 0.0, 0.0, 0.0, 1.0]}, {"name": "WtActorRoot", "parent": -1, "bindLocal": [1.0, -0.0, -0.0, 0.0, 0.0, 0.0, 1.0, 0.0, -0.0, -1.0, 0.0, -0.0, 0.0, 0.0, 0.0, 1.0], "invBind": [1.0, 0.0, -0.0, -0.0, -0.0, 0.0, -1.0, -0.0, -0.0, 1.0, 0.0, -0.0, 0.0, 0.0, 0.0, 1.0]}, {"name": "bridge", "parent": 1, "bindLocal": [1.0, 0.0, -0.0, -0.496103, -0.0, 1.0, -0.0, -0.111262, -0.0, 0.0, 1.0, 0.934093, 0.0, 0.0, 0.0, 1.0], "invBind": [1.0, -0.0, 0.0, 0.496103, 0.0, 0.0, -1.0, 0.111262, -0.0, 1.0, 0.0, -0.934093, 0.0, 0.0, 0.0, 1.0]}], "parts": [{"texture": "bridge.jpg", "keyed": false, "influencesPerVertex": 1, "verts": [-60.67179, 0.89381, 78.70265, -51.14598, 0.89381, 52.74139, 51.10207, 0.93413, 52.59227, 60.63347, 0.93413, 79.00089, -44.79606, 7.65107, 21.99146, 44.75216, 7.69139, 22.15742, -43.76906, 9.115, 0.25366, 42.48047, 9.15532, 0.10454, -44.79606, 7.65107, -21.80163, 44.75216, 7.69139, -21.94835, -51.14598, 0.89381, -52.53713, 51.10207, 0.93413, -52.3832, -61.29507, 0.82334, -78.49118, 60.34323, 0.93413, -78.60663, -32.92787, 6.74852, 78.84456, 31.33043, 6.74852, 78.84456, 31.33043, 11.67866, 52.59949, -32.92787, 11.67866, 52.59949, 26.05961, 15.70964, 22.16463, -27.65704, 15.70964, 22.16463, 26.15263, 16.65996, 0.11175, -27.74821, 16.65996, 0.11175, 26.05961, 15.70964, -21.94354, -27.65704, 15.70964, -21.94354, 31.33043, 11.67866, -52.37598, -32.92787, 11.67866, -52.37598, 31.33043, 6.74852, -78.62106, -32.92787, 6.74852, -78.62106, -60.67179, 0.89381, 78.70265, 60.63347, 19.40759, 79.00089, 51.10207, 19.40759, 52.59227, 31.33043, 19.40759, 52.59949, 31.33043, 19.40759, 78.84456, -51.14598, 19.36727, 52.74139, -60.67179, 19.36727, 78.70265, -32.92787, 19.40759, 78.84456, -32.92787, 19.40759, 52.59949, 44.75216, 22.50146, 22.15742, 26.05961, 22.50146, 22.16463, -44.79606, 22.46114, 21.99146, -27.65704, 22.50146, 22.16463, 42.48047, 22.98797, 0.10454, 26.15263, 22.98797, 0.11175, -43.76906, 22.94765, 0.25366, -27.74821, 22.98797, 0.11175, 44.75216, 22.50146, -21.94835, 26.05961, 22.50146, -21.94354, -44.79606, 22.46114, -21.80163, -27.65704, 22.50146, -21.94354, 51.10207, 19.40759, -52.3832, 31.33043, 19.40759, -52.37598, -51.14598, 19.36727, -52.53713, -32.92787, 19.40759, -52.37598, 60.34323, 19.40759, -78.60663, 31.33043, 19.40759, -78.62106, -61.29507, 19.40352, -78.49118, -32.92787, 19.40759, -78.62106, 44.75216, 7.69139, 22.15742, 44.75216, 22.50146, 22.15742, 51.10207, 19.40759, 52.59227, 51.10207, 0.93413, 52.59227, 42.48047, 9.15532, 0.10454, 42.48047, 22.98797, 0.10454, 44.75216, 7.69139, -21.94835, 44.75216, 22.50146, -21.94835, 51.10207, 0.93413, -52.3832, 51.10207, 19.40759, -52.3832, -44.79606, 7.65107, -21.80163, -44.79606, 22.46114, -21.80163, -51.14598, 19.36727, -52.53713, -51.14598, 0.89381, -52.53713, -43.76906, 9.115, 0.25366, -43.76906, 22.94765, 0.25366, -44.79606, 7.65107, 21.99146, -44.79606, 22.46114, 21.99146, -51.14598, 0.89381, 52.74139, -51.14598, 19.36727, 52.74139, -61.29507, 19.40352, -78.49118, -51.14598, 19.36727, -52.53713, -32.92787, 19.40759, -52.37598, 31.33043, 19.40759, 78.84456, 31.33043, 19.40759, 52.59949, 31.33043, 11.67866, 52.59949, 31.33043, 6.74852, 78.84456, -32.92787, 19.40759, 52.59949, -32.92787, 19.40759, 78.84456, -32.92787, 6.74852, 78.84456, -32.92787, 11.67866, 52.59949, 26.05961, 22.50146, 22.16463, 26.05961, 15.70964, 22.16463, -27.65704, 22.50146, 22.16463, -27.65704, 15.70964, 22.16463, 26.15263, 22.98797, 0.11175, 26.15263, 16.65996, 0.11175, -27.74821, 22.98797, 0.11175, -27.74821, 16.65996, 0.11175, 26.05961, 22.50146, -21.94354, 26.05961, 15.70964, -21.94354, -27.65704, 22.50146, -21.94354, -27.65704, 15.70964, -21.94354, 31.33043, 19.40759, -52.37598, 31.33043, 11.67866, -52.37598, -32.92787, 19.40759, -52.37598, -32.92787, 11.67866, -52.37598, 31.33043, 19.40759, -78.62106, 31.33043, 6.74852, -78.62106, -32.92787, 19.40759, -78.62106, -32.92787, 6.74852, -78.62106, -60.67179, 0.89381, 78.70265, 60.63347, 0.93413, 79.00089, 31.33043, 6.74852, 78.84456, -32.92787, 6.74852, 78.84456, 60.34323, 0.93413, -78.60663, -61.29507, 0.82334, -78.49118, -32.92787, 6.74852, -78.62106, 31.33043, 6.74852, -78.62106, 60.63347, 19.40759, 79.00089, 31.33043, 19.40759, 78.84456, -32.92787, 19.40759, 78.84456, -60.67179, 19.36727, 78.70265, -61.29507, 19.40352, -78.49118, -32.92787, 19.40759, -78.62106, 31.33043, 19.40759, -78.62106, 60.34323, 19.40759, -78.60663, -59.25781, 0.78506, 52.60911, 58.8418, 0.82368, 52.48885, -59.85689, 0.84672, -52.59245, 58.56272, 0.82368, -52.40966, 58.8418, 19.34525, 52.48885, -59.25781, 19.30662, 52.60911, 58.56272, 19.34525, -52.40966, -59.85689, 19.27478, -52.59245, 58.8418, 19.34525, 52.48885, 58.8418, 0.82368, 52.48885, 51.10207, 0.93413, 52.59227, 51.10207, 19.40759, 52.59227, 58.56272, 0.82368, -52.40966, 58.56272, 19.34525, -52.40966, 51.10207, 19.40759, -52.3832, 51.10207, 0.93413, -52.3832, -59.85689, 19.27478, -52.59245, -59.85689, 0.84672, -52.59245, -51.14598, 0.89381, -52.53713, -51.14598, 19.36727, -52.53713, -59.25781, 0.78506, 52.60911, -59.25781, 19.30662, 52.60911, -51.14598, 19.36727, 52.74139, -51.14598, 0.89381, 52.74139, -59.85689, 0.84672, -52.59245, -59.85689, 19.27478, -52.59245, -61.29507, 19.40352, -78.49118, -61.29507, 0.82334, -78.49118, 58.56272, 19.34525, -52.40966, 58.56272, 0.82368, -52.40966, 60.34323, 0.93413, -78.60663, 60.34323, 19.40759, -78.60663, 58.8418, 0.82368, 52.48885, 58.8418, 19.34525, 52.48885, 60.63347, 19.40759, 79.00089, 60.63347, 0.93413, 79.00089, -59.25781, 19.30662, 52.60911, -59.25781, 0.78506, 52.60911, -60.67179, 0.89381, 78.70265, -60.67179, 19.36727, 78.70265],