{"name": "TIKKI3", "bones": [{"name": "dummy bone", "parent": -1, "bindLocal": [0.393701, -0.0, -0.0, -5.365007, -0.0, 0.0, -0.393701, -0.0, -0.0, 0.27922, 0.0, -0.0, 0.0, 0.0, 0.0, 1.0], "invBind": [2.54, -0.0, 0.0, 13.627116, 0.0, 0.0, 3.5814, 0.0, -0.0, -2.54, 0.0, -0.0, 0.0, 0.0, 0.0, 1.0]}, {"name": "tikki_3", "parent": -1, "bindLocal": [1.0, -0.0, 0.0, 0.0, -0.0, 0.0, 1.0, 0.0, -0.0, -1.0, 0.0, -0.0, 0.0, 0.0, 0.0, 1.0], "invBind": [1.0, -0.0, -0.0, -0.0, -0.0, 0.0, -1.0, -0.0, 0.0, 1.0, 0.0, -0.0, 0.0, 0.0, 0.0, 1.0]}], "parts": [{"texture": "tikki3o.jpg", "keyed": false, "influencesPerVertex": 1, "verts": [5e-05, -1.19675, 4e-05, 1.81314, -1.19675, -1.81313, 2.5641, -1.19675, 4e-05, 5e-05, -1.19675, -2.56412, -1.81314, -1.19675, -1.81313, -2.5641, -1.19675, 4e-05, -1.81314, -1.19675, 1.81313, 5e-05, -1.19675, 2.56412, 1.81314, -1.19675, 1.81313, 2.5641, -1.19675, 4e-05, 2.14112, 12.17402, -1.63104, 2.94543, 11.6372, 4e-05, 1.81314, -1.19675, -1.81313, 0.08253, 12.6386, -2.30667, 5e-05, -1.19675, -2.56412, -2.02433, 12.75926, -1.63104, -1.81314, -1.19675, -1.81313, -2.94543, 12.46541, 4e-05, -2.5641, -1.19675, 4e-05, -2.5641, -1.19675, 4e-05, -2.14112, 11.929, 1.63104, -2.94543, 12.46541, 4e-05, -1.81314, -1.19675, 1.81313, -0.08253, 11.464, 2.30667, 5e-05, -1.19675, 2.56412, 2.02433, 11.34334, 1.63104, 1.81314, -1.19675, 1.81313, 2.94543, 11.6372, 4e-05, 2.5641, -1.19675, 4e-05, 1.61886, 13.69787, -1.2811, 2.28938, 13.69787, 4e-05, 5e-05, 13.69787, -1.8118, -1.61886, 13.69787, -1.2811, -2.28938, 13.69787, 4e-05, -1.61886, 13.69787, 1.2811, -2.28938, 13.69787, 4e-05, 5e-05, 13.69787, 1.8118, 1.61886, 13.69787, 1.2811, 2.28938, 13.69787, 4e-05, 2.17574, 18.13687, -1.72181, 3.07689, 18.13687, 4e-05, 5e-05, 18.13687, -2.43508, -2.17574, 18.13687, -1.72181, -3.07689, 18.13687, 4e-05, -2.17574, 18.13687, 1.72181, -3.07689, 18.13687, 4e-05, 5e-05, 18.13687, 2.43508, 2.17574, 18.13687, 1.72181, 3.07689, 18.13687, 4e-05, 1.81314, 20.92151, -1.43486, 2.5641, 20.92151, 4e-05, 5e-05, 20.59359, -2.02919, -1.81314, 20.92151, -1.43486, -2.5641, 20.92151, 4e-05, -1.81314, 20.92151, 1.43486, -2.5641, 20.92151, 4e-05, 5e-05, 20.92151, 2.02919, 1.81314, 20.92151, 1.43486, 2.5641, 20.92151, 4e-05, 1.13316, 22.32347, -0.61846, 1.60257, 22.32347, 4e-05, 5e-05, 22.11416, -1.26827, -1.13316, 22.32347, -0.61846, -1.60257, 22.32347, 4e-05, -1.13316, 22.22046, 0.61846, -1.60257, 22.32347, 4e-05, 5e-05, 22.01977, 1.26827, 1.13316, 22.22046, 0.61846, 1.60257, 22.32347, 4e-05, 2.83282, 25.69951, -0.69507, 3.33654, 25.69951, -0.07657, 1.60257, 22.32347, 4e-05, 1.13316, 22.32347, -0.61846, -3.33654, 25.69951, 0.07657, -2.83281, 25.69951, -0.54193, -1.13316, 22.32347, -0.61846, -1.60257, 22.32347, 4e-05, -1.13316, 22.32347, -0.61846, -2.83281, 25.69951, -0.54193, 2.83282, 25.69951, -0.69507, 1.13316, 22.32347, -0.61846, -3.33654, 25.69951, 0.07657, 3.33654, 25.69951, -0.07657, 2.83282, 25.69951, -0.69507, -2.83281, 25.69951, -0.54193, -1.60257, 22.32347, 4e-05, 1.60257, 22.32347, 4e-05, 3.33654, 25.69951, -0.07657, -3.33654, 25.69951, 0.07657, -1.13316, 22.22046, 0.61846, 1.13316, 22.22046, 0.61846, 1.60257, 22.32347, 4e-05, -1.60257, 22.32347, 4e-05], "normals": [0.0, -1.0, -0.0, 0.0, -1.0, -0.0, 0.0, -1.0, -0.0, 0.0, -1.0, -0.0, 0.0, -1.0, -0.0, 0.0, -1.0, -0.0, 0.0, -1.0, -0.0, 0.0, -1.0, -0.0, 0.0, -1.0, -0.0, 0.9862, -0.0362, -0.1617, 0.67, 0.2618, -0.6946, 0.9759, 0.2151, 0.0373, 0.5831, 0.0014, -0.8124, 0.042, 0.3048, -0.9515, -0.108, 0.0204, -0.9939, -0.6046, 0.3298, -0.725, -0.7707, -0.0131, -0.6371, -0.9577, 0.2876, 0.0141, -0.9871, -0.0348, 0.1565, -0.9871, -0.0348, 0.1565, -0.6341, 0.1962, 0.7479, -0.9577, 0.2876, 0.0141, -0.5824, 0.002, 0.8129, -0.0065, 0.1588, 0.9873, 0.1088, 0.0223, 0.9938, 0.6297, 0.1706, 0.7579, 0.7712, -0.014, 0.6365, 0.9759, 0.2151, 0.0373, 0.9862, -0.0362, -0.1617, 0.6514, 0.1321, -0.7472, 0.9972, 0.0739, 0.0104, 0.009, 0.1715, -0.9851, -0.6321, 0.2087, -0.7462, -0.975, 0.221, 0.0251, -0.6185, 0.1484, 0.7716, -0.975, 0.221, 0.0251, 0.0113, 0.0692, 0.9976, 0.6461, 0.0401, 0.7621, 0.9972, 0.0739, 0.0104, 0.6425, 0.0021, -0.7662, 1.0, 0.0045, 0.0001, 0.0046, 0.0127, -0.9999, -0.6451, 0.0099, -0.764, -1.0, 0.0045, -0.0002, -0.6453, -0.0019, 0.7639, -1.0, 0.0045, -0.0002, -0.0001, 0.0036, 1.0, 0.6451, 0.0099, 0.764, 1.0, 0.0045, 0.0001, 0.5709, 0.4816, -0.665, 0.8641, 0.5033, -0.0009, -0.0021, 0.4288, -0.9034, -0.5176, 0.4941, -0.6986, -0.8614, 0.5079, 0.0087, -0.575, 0.5128, 0.6375, -0.8614, 0.5079, 0.0087, -0.0027, 0.4817, 0.8763, 0.5201, 0.5025, 0.6907, 0.8641, 0.5033, -0.0009, 0.408, 0.7974, -0.4446, 0.4036, 0.9061, 0.1268, 0.0268, 0.7545, -0.6558, -0.283, 0.7765, -0.5629, -0.5271, 0.8491, -0.0351, -0.265, 0.9009, 0.3438, -0.5271, 0.8491, -0.0351, -0.0484, 0.8101, 0.5844, 0.2106, 0.8699, 0.446, 0.4036, 0.9061, 0.1268, 0.679, -0.5039, -0.5339, 0.6702, -0.5028, -0.5459, 0.679, -0.5039, -0.5339, 0.6876, -0.5048, -0.5219, -0.6905, -0.4778, -0.5431, -0.685, -0.4684, -0.5579, -0.6905, -0.4778, -0.5431, -0.6957, -0.487, -0.528, -0.0135, -0.0096, -0.9998, -0.027, 0.0128, -0.9995, -0.0135, -0.0096, -0.9998, 0.0, -0.032, -0.9995, 0.0, 1.0, -0.0, 0.0, 1.0, -0.0, 0.0, 1.0, -0.0, 0.0, 1.0, -0.0, 0.0115, 0.0083, 0.9999, 0.0, 0.032, 0.9995, 0.0115, 0.0083, 0.9999, 0.0229, -0.0154, 0.9996, -0.265, 0.9009, 0.3438, 0.2106, 0.8699, 0.446, 0.4036, 0.9061, 0.1268, -0.5271, 0.8491, -0.0351], "uvs": [0.35024, 0.1256, 0.52421, 0.06865, 0.59627, 0.1256, 0.35024, 0.04506, 0.17628, 0.06865, 0.10422, 0.1256, 0.17628, 0.18256, 0.35024, 0.20615, 0.52421, 0.18256, 0.93164, 0.99352, 0.86703, 0.50985, 0.96402, 0.52959, 0.84359, 0.99352, 0.72086, 0.49276, 0.71385, 0.99352, 0.56933, 0.48832, 0.58443, 0.99352, 0.46369, 0.49914, 0.49607, 0.99352, 0.42781, 0.99172, 0.35509, 0.50929, 0.45525, 0.48959, 0.33798, 0.99172, 0.24921, 0.52638, 0.24326, 0.99172, 0.1379, 0.53081, 0.14893, 0.99172, 0.03127, 0.52001, 0.05871, 0.99172, 0.82971, 0.4538, 0.90829, 0.4538, 0.71385, 0.4538, 0.59832, 0.4538, 0.5194, 0.4538, 0.32787, 0.44427, 0.40804, 0.44427, 0.24326, 0.44427, 0.15906, 0.44427, 0.07848, 0.44427, 0.8695, 0.28656, 0.97519, 0.28656, 0.71385, 0.28656, 0.55852, 0.28656, 0.45252, 0.28656, 0.3569, 0.28113, 0.46472, 0.28113, 0.24326, 0.28113, 0.13001, 0.28113, 0.02181, 0.28113, 0.84628, 0.18013, 0.93615, 0.18013, 0.71385, 0.19217, 0.58175, 0.18013, 0.49156, 0.18013, 0.33798, 0.17878, 0.42781, 0.17878, 0.24326, 0.17878, 0.14893, 0.17878, 0.05871, 0.17878, 0.79835, 0.12857, 0.84997, 0.12857, 0.71385, 0.13626, 0.62936, 0.12857, 0.57774, 0.12857, 0.30253, 0.13104, 0.3586, 0.12725, 0.24326, 0.13842, 0.18438, 0.13104, 0.12792, 0.12725, 0.24716, 0.22703, 0.17755, 0.22747, 0.17208, 0.48306, 0.24169, 0.48262, 0.16032, 0.22758, 0.22993, 0.22714, 0.24169, 0.48262, 0.17208, 0.48306, 0.62936, 0.12857, 0.47326, 0.00441, 0.95445, 0.00441, 0.79835, 0.12857, 0.0301, 0.12801, 0.67039, 0.1232, 0.62205, 0.10377, 0.07842, 0.10859, 0.3586, 0.12725, 0.12792, 0.12725, 0.00312, 0.00317, 0.48341, 0.00317, 0.24151, 0.14504, 0.45898, 0.14504, 0.50401, 0.1256, 0.19648, 0.1256],