{"name": "DEBRIS/PALM2_debris1", "bones": [{"name": "dummy bone", "parent": -1, "bindLocal": [4.524074, -0.0, -0.0, 0.0, -0.0, 0.0, -4.524074, 0.0, -0.0, 3.231481, 0.0, -16.785769, 0.0, 0.0, 0.0, 1.0], "invBind": [0.22104, -0.0, 0.0, -0.0, 0.0, 0.0, 0.309456, 5.19445, -0.0, -0.22104, 0.0, 0.0, 0.0, 0.0, 0.0, 1.0]}, {"name": "Mesh01", "parent": -1, "bindLocal": [1.0, -0.0, 0.0, 0.0, -0.0, 0.0, 1.0, 0.0, -0.0, -1.0, 0.0, -0.0, 0.0, 0.0, 0.0, 1.0], "invBind": [1.0, -0.0, -0.0, -0.0, -0.0, 0.0, -1.0, -0.0, 0.0, 1.0, 0.0, -0.0, 0.0, 0.0, 0.0, 1.0]}], "parts": [{"texture": "palmo.png", "keyed": false, "influencesPerVertex": 1, "verts": [3.98312, -8.54478, 6e-05, 3.44949, -8.54478, -1.99153, 2.64247, -0.67544, -1.5256, 3.05127, -0.67544, 6e-05, 1.99153, -8.54478, -3.44949, 1.5256, -0.67544, -2.64247, -6e-05, -8.54478, -3.98312, -6e-05, -0.67544, -3.05127, -6e-05, -8.54478, -3.98312, -1.99153, -8.54478, -3.44949, -1.5256, -0.67544, -2.64247, -6e-05, -0.67544, -3.05127, -3.44949, -8.54478, -1.99153, -2.64247, -0.67544, -1.5256, -3.98312, -8.54478, 6e-05, -3.05127, -0.67544, 6e-05, -3.44949, -8.54478, 1.99153, -2.64247, -0.67544, 1.5256, -1.99153, -8.54478, 3.44949, -1.5256, -0.67544, 2.64247, 6e-05, -8.54478, 3.98312, 6e-05, -0.67544, 3.05127, 1.99153, -8.54478, 3.44949, 1.5256, -0.67544, 2.64247, 3.44949, -8.54478, 1.99153, 2.64247, -0.67544, 1.5256, 2.38064, 7.19366, -1.37439, 2.74883, 7.19366, 6e-05, 1.37439, 7.19366, -2.38064, -6e-05, 7.19366, -2.74883, -6e-05, -0.67544, -3.05127, -1.37439, 7.19366, -2.38064, -6e-05, 7.19366, -2.74883, -2.38064, 7.19366, -1.37439, -2.74883, 7.19366, 6e-05, -2.38064, 7.19366, 1.37438, -1.37439, 7.19366, 2.38063, 6e-05, 7.19366, 2.74883, 1.37439, 7.19366, 2.38063, 2.38064, 7.19366, 1.37438, 3.44949, -8.54478, 1.99153, 1.99153, -8.54478, 3.44949, 6e-05, -8.54478, 3.98312, -1.99153, -8.54478, 3.44949, -3.44949, -8.54478, 1.99153, -3.98312, -8.54478, 6e-05, -3.44949, -8.54478, -1.99153, -1.99153, -8.54478, -3.44949, -6e-05, -8.54478, -3.98312, 1.99153, -8.54478, -3.44949, 3.44949, -8.54478, -1.99153, 3.98312, -8.54478, 6e-05, 1.37439, 7.19366, -2.38064, -6e-05, 7.19366, -2.74883, -1.37439, 7.19366, -2.38064, -2.38064, 7.19366, -1.37439, -2.74883, 7.19366, 6e-05, -2.38064, 7.19366, 1.37438, -1.37439, 7.19366, 2.38063, 6e-05, 7.19366, 2.74883, 1.37439, 7.19366, 2.38063, 2.38064, 7.19366, 1.37438, 2.74883, 7.19366, 6e-05, 2.38064, 7.19366, -1.37439], "normals": [0.9827, 0.1629, -0.0878, 0.8072, 0.1629, -0.5674, 0.8606, 0.1088, -0.4975, 0.9941, 0.1088, -0.0005, 0.4153, 0.1629, -0.895, 0.4966, 0.1088, -0.8611, -0.0878, 0.1629, -0.9827, -0.0005, 0.1088, -0.9941, -0.0878, 0.1629, -0.9827, -0.5674, 0.1629, -0.8072, -0.4975, 0.1088, -0.8606, -0.0005, 0.1088, -0.9941, -0.895, 0.1629, -0.4153, -0.8611, 0.1088, -0.4966, -0.9827, 0.1629, 0.0878, -0.9941, 0.1088, 0.0005, -0.8072, 0.1629, 0.5674, -0.8606, 0.1088, 0.4975, -0.4153, 0.1629, 0.895, -0.4966, 0.1088, 0.8611, 0.0878, 0.1629, 0.9827, 0.0005, 0.1088, 0.9941, 0.5674, 0.1629, 0.8072, 0.4975, 0.1088, 0.8606, 0.895, 0.1629, 0.4153, 0.8611, 0.1088, 0.4966, 0.9058, 0.0535, -0.4204, 0.9946, 0.0535, 0.0888, 0.5742, 0.0535, -0.8169, 0.0888, 0.0535, -0.9946, -0.0005, 0.1088, -0.9941, -0.4204, 0.0535, -0.9058, 0.0888, 0.0535, -0.9946, -0.8169, 0.0535, -0.5742, -0.9946, 0.0535, -0.0888, -0.9058, 0.0535, 0.4204, -0.5742, 0.0535, 0.8169, -0.0888, 0.0535, 0.9946, 0.4204, 0.0535, 0.9058, 0.8169, 0.0535, 0.5742, 0.0, -1.0, -0.0, 0.0, -1.0, -0.0, 0.0, -1.0, -0.0, 0.0, -1.0, -0.0, 0.0, -1.0, -0.0, 0.0, -1.0, -0.0, 0.0, -1.0, -0.0, 0.0, -1.0, -0.0, 0.0, -1.0, -0.0, 0.0, -1.0, -0.0, 0.0, -1.0, -0.0, 0.0, -1.0, -0.0, 0.0, 1.0, 0.0, 0.0, 1.0, 0.0, 0.0, 1.0, 0.0, 0.0, 1.0, 0.0, 0.0, 1.0, 0.0, 0.0, 1.0, 0.0, 0.0, 1.0, 0.0, 0.0, 1.0, 0.0, 0.0, 1.0, 0.0, 0.0, 1.0, 0.0, 0.0, 1.0, 0.0, 0.0, 1.0, 0.0], "uvs": [0.75, 0.99047, 0.83333, 0.99047, 0.83333, 0.88318, 0.75, 0.88318, 0.91667, 0.99047, 0.91667, 0.88318, 1.0, 0.99047, 1.0, 0.88318, -0.0, 0.99047, 0.08333, 0.99047, 0.08333, 0.88318, 0.0195, 0.88318, 0.16667, 0.99047, 0.16667, 0.88318, 0.25, 0.99047, 0.25, 0.88318, 0.33333, 0.99047, 0.33333, 0.88318, 0.41666, 0.99047, 0.41666, 0.88318, 0.50001, 0.99047, 0.50001, 0.88318, 0.58334, 0.99047, 0.58334, 0.88318, 0.66667, 0.99047, 0.66667, 0.88318, 0.83333, 0.77589, 0.75, 0.77589, 0.91667, 0.77589, 1.0, 0.77589, -0.0, 0.88318, 0.08333, 0.77589, 0.00826, 0.77589, 0.16667, 0.77589, 0.25, 0.77589, 0.33333, 0.77589, 0.41666, 0.77589, 0.50001, 0.77589, 0.58334, 0.77589, 0.66667, 0.77589, 0.51873, 0.61049, 0.51388, 0.61535, 0.50724, 0.61712, 0.50062, 0.61535, 0.49577, 0.61049, 0.494, 0.60386, 0.49577, 0.59723, 0.50062, 0.59238, 0.50724, 0.59061, 0.51388, 0.59238, 0.51873, 0.59723, 0.5205, 0.60386, 0.51182, 0.59594, 0.50724, 0.59471, 0.50268, 0.59594, 0.49932, 0.59929, 0.4981, 0.60386, 0.49932, 0.60844, 0.50268, 0.61179, 0.50724, 0.61302, 0.51182, 0.61179, 0.51518, 0.60844, 0.5164, 0.60386, 0.51518, 0.59929], "tris": [0, 1, 2, 2, 3, 0, 1, 4, 5, 5, 2, 1, 4, 6, 7, 7, 5, 4, 8, 9, 10, 10, 11, 8, 9, 12, 13, 13, 10, 9, 12, 14, 15, 15, 13, 12, 14, 16, 17, 17, 15, 14, 16, 18, 19, 19, 17, 16, 18, 20, 21, 21, 19, 18, 20, 22, 23, 23, 21, 20, 22, 24, 25, 25, 23, 22, 24, 0, 3, 3, 25, 24, 3, 2, 26, 26, 27, 3, 2, 5, 28, 28, 26, 2, 5, 7, 29, 29, 28, 5, 30, 10, 31, 31, 32, 30, 10, 13, 33, 33, 31, 10, 13, 15, 34, 34, 33, 13, 15, 17, 35, 35, 34, 15, 17, 19, 36, 36, 35, 17, 19, 21, 37, 37, 36, 19, 21, 23, 38, 38, 37, 21, 23, 25, 39, 39, 38, 23, 25, 3, 27, 27, 39, 25, 40, 41, 42, 42, 43, 44, 44, 45, 46, 42, 44, 46, 46, 47, 48, 48, 49, 50, 46, 48, 50, 42, 46, 50, 40, 42, 50, 51, 40, 50, 52, 53, 54, 54, 55, 56, 56, 57, 58, 54, 56, 58, 58, 59, 60, 60, 61, 62, 58, 60, 62, 54, 58, 62, 52, 54, 62, 63, 52, 62], "skinIndices": [1, 1, 1, 1, 1, 1, 1, 1, 1, 1, 1, 1, 1, 1, 1, 1, 1, 1, 1, 1, 1, 1, 1, 1, 1, 1, 1, 1, 1, 1, 1, 1, 1, 1, 1, 1, 1, 1, 1, 1, 1, 1, 1, 1, 1, 1, 1, 1, 1, 1, 1, 1, 1, 1, 1, 1, 1, 1, 1, 1, 1, 1, 1, 1], "skinWeights": [1.0, 1.0, 1.0, 1.0, 1.0, 1.0, 1.0, 1.0, 1.0, 1.0, 1.0, 1.0, 1.0, 1.0, 1.0, 1.0, 1.0, 1.0, 1.0, 1.0, 1.0, 1.0, 1.0, 1.0, 1.0, 1.0, 1.0, 1.0, 1.0, 1.0, 1.0, 1.0, 1.0, 1.0, 1.0, 1.0, 1.0, 1.0, 1.0, 1.0, 1.0, 1.0, 1.0, 1.0, 1.0, 1.0, 1.0, 1.0, 1.0, 1.0, 1.0, 1.0, 1.0, 1.0, 1.0, 1.0, 1.0, 1.0, 1.0, 1.0, 1.0, 1.0, 1.0, 1.0]}]}