{
 "name": "fire",
 "duration": 0.733333,
 "bones": {
  "cannon barrel": {
   "translation": {
    "times": [
     0.0,
     0.733333
    ],
    "values": [
     [
      0.0,
      0.0,
      0.0
     ],
     [
      0.0,
      0.0,
      0.0
     ]
    ]
   },
   "rotation": {
    "times": [
     0.0,
     0.733333
    ],
    "values": [
     [
      1.0,
      0.0,
      0.0,
      0.0
     ],
     [
      1.0,
      0.0,
      0.0,
      0.0
     ]
    ]
   }
  },
  "root": {
   "translation": {
    "times": [
     0.0,
     0.733333
    ],
    "values": [
     [
      0.0,
      0.0,
      0.0
     ],
     [
      0.0,
      0.0,
      0.0
     ]
    ]
   },
   "rotation": {
    "times": [
     0.0,
     0.733333
    ],
    "values": [
     [
      1.0,
      0.0,
      0.0,
      0.0
     ],
     [
      1.0,
      0.0,
      0.0,
      0.0
     ]
    ]
   }
  },
  "root2": {
   "translation": {
    "times": [
     0.0,
     0.733333
    ],
    "values": [
     [
      0.0,
      0.0,
      0.0
     ],
     [
      0.0,
      0.0,
      0.0
     ]
    ]
   },
   "rotation": {
    "times": [
     0.0,
     0.033333,
     0.066667,
     0.1,
     0.133333,
     0.166667,
     0.2,
     0.233333,
     0.266667,
     0.3,
     0.333333,
     0.366667,
     0.4,
     0.433333,
     0.466667,
     0.5,
     0.533333,
     0.566667,
     0.6,
     0.633333,
     0.666667,
     0.733333
    ],
    "values": [
     [
      1.0,
      0.0,
      0.0,
      0.0
     ],
     [
      0.99996,
      -0.008936,
      0.0,
      0.0
     ],
     [
      0.996917,
      0.078459,
      -0.0,
      -0.0
     ],
     [
      0.994711,
      0.102715,
      -0.0,
      -0.0
     ],
     [
      0.992803,
      0.119761,
      -0.0,
      -0.0
     ],
     [
      0.991667,
      0.128829,
      -0.0,
      -0.0
     ],
     [
      0.991626,
      0.129144,
      -0.0,
      -0.0
     ],
     [
      0.992264,
      0.124148,
      -0.0,
      -0.0
     ],
     [
      0.993024,
      0.117911,
      -0.0,
      -0.0
     ],
     [
      0.993867,
      0.110579,
      -0.0,
      -0.0
     ],
     [
      0.994754,
      0.102299,
      -0.0,
      -0.0
     ],
     [
      0.995646,
      0.093217,
      -0.0,
      -0.0
     ],
     [
      0.996509,
      0.083481,
      -0.0,
      -0.0
     ],
     [
      0.997314,
      0.07324,
      -0.0,
      -0.0
     ],
     [
      0.998036,
      0.062643,
      -0.0,
      -0.0
     ],
     [
      0.998655,
      0.051839,
      -0.0,
      -0.0
     ],
     [
      0.99916,
      0.04098,
      -0.0,
      -0.0
     ],
     [
      0.999543,
      0.030215,
      -0.0,
      0.0
     ],
     [
      0.999806,
      0.019696,
      -0.0,
      0.0
     ],
     [
      0.999954,
      0.009574,
      -0.0,
      0.0
     ],
     [
      1.0,
      0.0,
      -0.0,
      0.0
     ],
     [
      1.0,
      0.0,
      -0.0,
      0.0
     ]
    ]
   }
  },
  "back": {
   "translation": {
    "times": [
     0.0,
     0.033333,
     0.066667,
     0.1,
     0.133333,
     0.166667,
     0.2,
     0.233333,
     0.266667,
     0.3,
     0.333333,
     0.366667,
     0.4,
     0.433333,
     0.466667,
     0.5,
     0.533333,
     0.566667,
     0.6,
     0.733333
    ],
    "values": [
     [
      0.0,
      0.0,
      0.0
     ],
     [
      -0.121026,
      -4e-06,
      0.0
     ],
     [
      -0.188612,
      -6e-06,
      0.0
     ],
     [
      -0.187773,
      -6e-06,
      0.0
     ],
     [
      -0.185259,
      -6e-06,
      0.0
     ],
     [
      -0.181067,
      -6e-06,
      0.0
     ],
     [
      -0.175199,
      -6e-06,
      0.0
     ],
     [
      -0.167655,
      -5e-06,
      0.0
     ],
     [
      -0.158434,
      -5e-06,
      0.0
     ],
     [
      -0.147536,
      -5e-06,
      0.0
     ],
     [
      -0.134962,
      -4e-06,
      0.0
     ],
     [
      -0.120712,
      -4e-06,
      0.0
     ],
     [
      -0.104784,
      -3e-06,
      0.0
     ],
     [
      -0.087181,
      -3e-06,
      0.0
     ],
     [
      -0.0679,
      -2e-06,
      0.0
     ],
     [
      -0.046943,
      -1e-06,
      0.0
     ],
     [
      -0.02431,
      -1e-06,
      0.0
     ],
     [
      0.0,
      0.0,
      -0.0
     ],
     [
      0.0,
      0.0,
      0.0
     ],
     [
      0.0,
      0.0,
      0.0
     ]
    ]
   },
   "rotation": {
    "times": [
     0.0,
     0.733333
    ],
    "values": [
     [
      1.0,
      0.0,
      0.0,
      0.0
     ],
     [
      1.0,
      -0.0,
      -0.0,
      -0.0
     ]
    ]
   }
  },
  "left": {
   "translation": {
    "times": [
     0.0,
     0.033333,
     0.066667,
     0.1,
     0.133333,
     0.166667,
     0.2,
     0.233333,
     0.266667,
     0.3,
     0.333333,
     0.366667,
     0.4,
     0.433333,
     0.466667,
     0.5,
     0.533333,
     0.733333
    ],
    "values": [
     [
      0.0,
      0.0,
      0.0
     ],
     [
      0.177414,
      3e-06,
      0.0
     ],
     [
      0.275389,
      5e-06,
      0.0
     ],
     [
      0.273759,
      5e-06,
      0.0
     ],
     [
      0.268871,
      5e-06,
      0.0
     ],
     [
      0.260723,
      5e-06,
      0.0
     ],
     [
      0.249316,
      5e-06,
      0.0
     ],
     [
      0.234651,
      5e-06,
      0.0
     ],
     [
      0.216726,
      4e-06,
      0.0
     ],
     [
      0.195542,
      4e-06,
      0.0
     ],
     [
      0.171099,
      3e-06,
      0.0
     ],
     [
      0.143398,
      3e-06,
      0.0
     ],
     [
      0.112437,
      2e-06,
      0.0
     ],
     [
      0.078217,
      2e-06,
      0.0
     ],
     [
      0.040738,
      1e-06,
      0.0
     ],
     [
      0.0,
      0.0,
      0.0
     ],
     [
      0.0,
      0.0,
      0.0
     ],
     [
      0.0,
      0.0,
      0.0
     ]
    ]
   },
   "rotation": {
    "times": [
     0.0,
     0.733333
    ],
    "values": [
     [
      1.0,
      0.0,
      0.0,
      0.0
     ],
     [
      1.0,
      0.0,
      0.0,
      0.0
     ]
    ]
   }
  },
  "right": {
   "translation": {
    "times": [
     0.0,
     0.033333,
     0.066667,
     0.1,
     0.133333,
     0.166667,
     0.2,
     0.233333,
     0.266667,
     0.3,
     0.333333,
     0.366667,
     0.4,
     0.433333,
     0.466667,
     0.5,
     0.533333,
     0.733333
    ],
    "values": [
     [
      0.0,
      0.0,
      0.0
     ],
     [
      0.190421,
      3e-06,
      0.0
     ],
     [
      0.295578,
      5e-06,
      0.0
     ],
     [
      0.293829,
      5e-06,
      0.0
     ],
     [
      0.288582,
      5e-06,
      0.0
     ],
     [
      0.279837,
      5e-06,
      0.0
     ],
     [
      0.267595,
      5e-06,
      0.0
     ],
     [
      0.251854,
      4e-06,
      0.0
     ],
     [
      0.232615,
      4e-06,
      0.0
     ],
     [
      0.209878,
      4e-06,
      0.0
     ],
     [
      0.183643,
      3e-06,
      0.0
     ],
     [
      0.153911,
      3e-06,
      0.0
     ],
     [
      0.12068,
      2e-06,
      0.0
     ],
     [
      0.083951,
      1e-06,
      0.0
     ],
     [
      0.043725,
      1e-06,
      0.0
     ],
     [
      0.0,
      0.0,
      0.0
     ],
     [
      0.0,
      0.0,
      0.0
     ],
     [
      0.0,
      0.0,
      0.0
     ]
    ]
   },
   "rotation": {
    "times": [
     0.0,
     0.733333
    ],
    "values": [
     [
      1.0,
      0.0,
      0.0,
      0.0
     ],
     [
      1.0,
      0.0,
      0.0,
      0.0
     ]
    ]
   }
  },
  "down": {
   "translation": {
    "times": [
     0.0,
     0.033333,
     0.066667,
     0.1,
     0.133333,
     0.166667,
     0.2,
     0.233333,
     0.266667,
     0.3,
     0.333333,
     0.366667,
     0.4,
     0.433333,
     0.466667,
     0.5,
     0.533333,
     0.733333
    ],