{"name": "TAILS2", "bones": [{"name": "dummy bone", "parent": -1, "bindLocal": [0.16259, 0.0, 1.087917, -0.829372, 0.0, 1.0, 0.0, 0.040518, -1.087917, 0.0, 0.16259, 5.54946, 0.0, 0.0, 0.0, 1.0], "invBind": [0.134372, 0.0, -0.899105, 5.100994, -0.0, 1.0, 0.0, -0.040518, 0.899105, -0.0, 0.134372, -0.0, 0.0, 0.0, 0.0, 1.0]}, {"name": "Plane05", "parent": -1, "bindLocal": [0.147809, 0.0, -0.989016, -0.0, -0.0, 1.0, -0.0, 0.0, 0.989016, 0.0, 0.147809, 0.0, 0.0, 0.0, 0.0, 1.0], "invBind": [0.147809, -0.0, 0.989016, -0.0, 0.0, 1.0, 0.0, -0.0, -0.989016, -0.0, 0.147809, -0.0, 0.0, 0.0, 0.0, 1.0]}], "parts": [{"texture": "cattailso.png", "keyed": true, "influencesPerVertex": 1, "verts": [-0.43367, -0.53598, -2.90203, -0.43367, 10.09707, -2.90203, 0.43374, 10.09707, 2.90203, 0.43374, -0.53598, 2.90203, -0.43367, 10.09707, -2.90203, -0.43367, -0.53598, -2.90203, 0.43374, 10.09707, 2.90203, 0.43374, -0.53598, 2.90203, -2.81385, -0.45424, 4e-05, -2.81385, 13.34136, 4e-05, 2.65681, 13.34136, 4e-05, 2.65681, -0.45424, 4e-05, -2.81385, 13.34136, 4e-05, -2.81385, -0.45424, 4e-05, 2.65681, 13.34136, 4e-05, 2.65681, -0.45424, 4e-05], "normals": [0.989, -0.0, -0.1478, 0.989, -0.0, -0.1478, 0.989, -0.0, -0.1478, 0.989, -0.0, -0.1478, -0.989, -0.0, 0.1478, -0.989, -0.0, 0.1478, -0.989, -0.0, 0.1478, -0.989, -0.0, 0.1478, -0.0, -0.0, -1.0, -0.0, -0.0, -1.0, -0.0, -0.0, -1.0, -0.0, -0.0, -1.0, 0.0, -0.0, 1.0, 0.0, -0.0, 1.0, 0.0, -0.0, 1.0, 0.0, -0.0, 1.0], "uvs": [0.76087, 0.4372, 0.76087, 0.0, 0.99517, 0.0, 0.99517, 0.4372, 0.76087, 0.0, 0.76087, 0.4372, 0.99517, 0.0, 0.99517, 0.4372, 0.38889, 1.0, 0.38889, 0.0, 0.77053, 0.0, 0.77053, 1.0, 0.38889, 0.0, 0.38889, 1.0, 0.77053, 0.0, 0.77053, 1.0], "tris": [0, 1, 2, 2, 3, 0, 4, 5, 6, 7, 6, 5, 8, 9, 10, 10, 11, 8, 12, 13, 14, 15, 14, 13], "skinIndices": [1, 1, 1, 1, 1, 1, 1, 1, 1, 1, 1, 1, 1, 1, 1, 1], "skinWeights": [1.0, 1.0, 1.0, 1.0, 1.0, 1.0, 1.0, 1.0, 1.0, 1.0, 1.0, 1.0, 1.0, 1.0, 1.0, 1.0]}]}