{"name": "DEBRIS/TIKKI_debris1", "bones": [{"name": "dummy bone", "parent": -1, "bindLocal": [0.393701, -0.0, -0.0, 0.059996, -0.0, 0.0, -0.393701, 0.0, -0.0, 0.27922, 0.0, -1.358465, 0.0, 0.0, 0.0, 1.0], "invBind": [2.54, -0.0, 0.0, -0.152389, 0.0, 0.0, 3.5814, 4.865208, -0.0, -2.54, 0.0, 0.0, 0.0, 0.0, 0.0, 1.0]}, {"name": "tikki_2", "parent": -1, "bindLocal": [1.0, -0.0, 0.0, 0.0, -0.0, 0.0, 1.0, 0.0, -0.0, -1.0, 0.0, -0.0, 0.0, 0.0, 0.0, 1.0], "invBind": [1.0, -0.0, -0.0, -0.0, -0.0, 0.0, -1.0, -0.0, 0.0, 1.0, 0.0, -0.0, 0.0, 0.0, 0.0, 1.0]}], "parts": [{"texture": "tikki1o.jpg", "keyed": false, "influencesPerVertex": 1, "verts": [0.07019, -6.20353, 0.17537, 2.12404, -6.1997, -2.5474, 3.09322, -6.09167, -0.06205, -0.03249, -6.22, -3.42209, -2.15129, -6.31386, -2.05449, -2.95293, -6.40369, 0.65288, 0.07019, -6.20353, 0.17537, -1.93486, -6.3016, 2.71992, -2.95293, -6.40369, 0.65288, 0.25028, -6.15526, 3.04487, 2.34039, -6.07673, 2.22692, 3.09322, -6.09167, -0.06205, 2.37951, -0.84078, 0.25214, 1.8219, 6.06503, -1.06118, 2.39132, 6.13552, 0.6362, 1.7218, -0.69942, -1.32347, 0.25452, 6.02117, -1.96361, 0.12988, -0.54025, -1.96894, -1.38721, 5.94685, -1.48314, -1.11717, -0.5458, -1.25203, -2.14687, 5.90854, 0.06347, -2.01955, -0.67203, 0.43825, -2.01955, -0.67203, 0.43825, -1.55595, 5.99531, 1.72592, -2.14687, 5.90854, 0.06347, -1.09844, -0.80074, 1.95989, 0.02535, 6.0974, 2.57466, 0.17518, -0.89824, 2.55572, 1.65307, 6.14893, 2.14787, 1.74966, -0.92333, 1.86101, 2.39132, 6.13552, 0.6362, 2.37951, -0.84078, 0.25214, 3.09322, -6.09167, -0.06205, 2.12404, -6.1997, -2.5474, -0.03249, -6.22, -3.42209, -2.15129, -6.31386, -2.05449, -2.95293, -6.40369, 0.65288, -2.95293, -6.40369, 0.65288, -1.93486, -6.3016, 2.71992, 0.25028, -6.15526, 3.04487, 2.34039, -6.07673, 2.22692, 3.09322, -6.09167, -0.06205, 1.8219, 6.06503, -1.06118, 0.25452, 6.02117, -1.96361, -1.38721, 5.94685, -1.48314, 1.8219, 6.06503, -1.06118, -1.38721, 5.94685, -1.48314, -2.14687, 5.90854, 0.06347, 1.8219, 6.06503, -1.06118, -2.14687, 5.90854, 0.06347, -1.55595, 5.99531, 1.72592, 1.8219, 6.06503, -1.06118, -1.55595, 5.99531, 1.72592, 0.02535, 6.0974, 2.57466, 1.8219, 6.06503, -1.06118, 0.02535, 6.0974, 2.57466, 1.65307, 6.14893, 2.14787, 1.8219, 6.06503, -1.06118, 1.65307, 6.14893, 2.14787, 2.39132, 6.13552, 0.6362], "normals": [0.033, -0.9994, 0.0074, 0.0166, -0.9998, 0.0116, 0.0275, -0.9995, 0.0168, 0.0191, -0.9998, 0.0027, 0.0391, -0.9992, -0.0039, 0.047, -0.9989, 0.0004, 0.033, -0.9994, 0.0074, 0.0474, -0.9988, 0.01, 0.047, -0.9989, 0.0004, 0.0383, -0.9992, 0.0095, 0.0289, -0.9995, 0.0118, 0.0275, -0.9995, 0.0168, 0.9954, 0.0961, -0.0061, 0.8333, 0.0216, -0.5524, 0.9852, -0.0056, 0.1716, 0.7193, 0.136, -0.6812, 0.2103, 0.013, -0.9776, -0.0267, 0.1592, -0.9869, -0.5933, -0.0491, -0.8035, -0.7261, 0.1228, -0.6766, -0.9769, -0.0487, -0.2081, -0.993, 0.1129, 0.034, -0.993, 0.1129, 0.034, -0.7952, -0.02, 0.606, -0.9769, -0.0487, -0.2081, -0.6783, 0.1176, 0.7253, -0.2276, -0.0051, 0.9737, 0.015, 0.0812, 0.9966, 0.5566, -0.0173, 0.8306, 0.7049, 0.0683, 0.706, 0.9852, -0.0056, 0.1716, 0.9954, 0.0961, -0.0061, 0.9689, 0.1989, -0.1473, 0.5857, 0.294, -0.7553, -0.2344, 0.3318, -0.9138, -0.805, 0.2753, -0.5255, -0.9406, 0.2449, 0.2352, -0.9406, 0.2449, 0.2352, -0.5134, 0.2354, 0.8252, 0.209, 0.1387, 0.968, 0.7981, 0.1763, 0.5761, 0.9689, 0.1989, -0.1473, -0.028, 0.9995, 0.0141, -0.028, 0.9995, 0.0141, -0.028, 0.9995, 0.0141, -0.0267, 0.9996, 0.0044, -0.0267, 0.9996, 0.0044, -0.0267, 0.9996, 0.0044, -0.0349, 0.9991, -0.0246, -0.0349, 0.9991, -0.0246, -0.0349, 0.9991, -0.0246, -0.0335, 0.9992, -0.0229, -0.0335, 0.9992, -0.0229, -0.0335, 0.9992, -0.0229, -0.0276, 0.9994, -0.02, -0.0276, 0.9994, -0.02, -0.0276, 0.9994, -0.02, -0.0281, 0.9994, -0.02, -0.0281, 0.9994, -0.02, -0.0281, 0.9994, -0.02], "uvs": [0.7657, 0.00245, 0.91894, 0.08199, 0.98242, 0.00245, 0.7657, 0.11495, 0.61245, 0.08199, 0.54898, 0.00245, 0.75604, 0.0023, 0.60074, 0.06003, 0.53642, 0.0023, 0.75604, 0.07658, 0.91133, 0.06003, 0.97566, 0.0023, 0.64177, 0.79155, 0.70441, 0.52452, 0.64128, 0.52452, 0.70408, 0.78346, 0.7744, 0.52452, 0.77327, 0.77569, 0.84341, 0.52452, 0.8272, 0.77395, 0.90752, 0.52452, 0.89969, 0.77682, 0.63362, 0.77982, 0.69887, 0.53161, 0.62478, 0.53161, 0.7155, 0.78851, 0.77513, 0.53161, 0.7739, 0.795, 0.85241, 0.53161, 0.8515, 0.79789, 0.92548, 0.53161, 0.92494, 0.79429, 0.57539, 0.99354, 0.68132, 0.99354, 0.7744, 0.99354, 0.86651, 0.99354, 0.95175, 0.99354, 0.57482, 0.99301, 0.67336, 0.99301, 0.77513, 0.99301, 0.87792, 0.99301, 0.97544, 0.99301, 0.91106, 0.35423, 0.83873, 0.31258, 0.76297, 0.33475, 0.91106, 0.35423, 0.76297, 0.33475, 0.7279, 0.40613, 0.91106, 0.35423, 0.7279, 0.40613, 0.75517, 0.48285, 0.91106, 0.35423, 0.75517, 0.48285, 0.82815, 0.52202, 0.91106, 0.35423, 0.82815, 0.52202, 0.90327, 0.50233, 0.91106, 0.35423, 0.90327, 0.50233, 0.93734, 0.43255], "tris": [0, 1, 2, 0, 3, 1, 0, 4, 3, 0, 5, 4, 6, 7, 8, 6, 9, 7, 6, 10, 9, 6, 11, 10, 12, 13, 14, 12, 15, 13, 15, 16, 13, 15, 17, 16, 17, 18, 16, 17, 19, 18, 19, 20, 18, 19, 21, 20, 22, 23, 24, 22, 25, 23, 25, 26, 23, 25, 27, 26, 27, 28, 26, 27, 29, 28, 29, 30, 28, 29, 31, 30, 15, 12, 32, 32, 33, 15, 17, 15, 33, 33, 34, 17, 19, 17, 34, 34, 35, 19, 21, 19, 35, 35, 36, 21, 25, 22, 37, 37, 38, 25, 27, 25, 38, 38, 39, 27, 29, 27, 39, 39, 40, 29, 31, 29, 40, 40, 41, 31, 42, 43, 44, 45, 46, 47, 48, 49, 50, 51, 52, 53, 54, 55, 56, 57, 58, 59], "skinIndices": [1, 1, 1, 1, 1, 1, 1, 1, 1, 1, 1, 1, 1, 1, 1, 1, 1, 1, 1, 1, 1, 1, 1, 1, 1, 1, 1, 1, 1, 1, 1, 1, 1, 1, 1, 1, 1, 1, 1, 1, 1, 1, 1, 1, 1, 1, 1, 1, 1, 1, 1, 1, 1, 1, 1, 1, 1, 1, 1, 1], "skinWeights": [1.0, 1.0, 1.0, 1.0, 1.0, 1.0, 1.0, 1.0, 1.0, 1.0, 1.0, 1.0, 1.0, 1.0, 1.0, 1.0, 1.0, 1.0, 1.0, 1.0, 1.0, 1.0, 1.0, 1.0, 1.0, 1.0, 1.0, 1.0, 1.0, 1.0, 1.0, 1.0, 1.0, 1.0, 1.0, 1.0, 1.0, 1.0, 1.0, 1.0, 1.0, 1.0, 1.0, 1.0, 1.0, 1.0, 1.0, 1.0, 1.0, 1.0, 1.0, 1.0, 1.0, 1.0, 1.0, 1.0, 1.0, 1.0, 1.0, 1.0]}]}