{"name": "MOUND", "bones": [{"name": "dummy bone", "parent": -1, "bindLocal": [1.0, 0.0, -0.0, 0.0, -0.0, 0.0, -1.0, -0.0, 0.0, 1.0, 0.0, 0.0, 0.0, 0.0, 0.0, 1.0], "invBind": [1.0, -0.0, 0.0, 0.0, 0.0, 0.0, 1.0, 0.0, -0.0, -1.0, 0.0, 0.0, 0.0, 0.0, 0.0, 1.0]}, {"name": "WtActorRoot", "parent": -1, "bindLocal": [1.0, -0.0, -0.0, 0.0, 0.0, 0.0, 1.0, 0.0, -0.0, -1.0, 0.0, -0.0, 0.0, 0.0, 0.0, 1.0], "invBind": [1.0, 0.0, -0.0, -0.0, -0.0, 0.0, -1.0, -0.0, 0.0, 1.0, 0.0, -0.0, 0.0, 0.0, 0.0, 1.0]}, {"name": "mound", "parent": 1, "bindLocal": [1.0, 0.0, 0.0, 0.0, -0.0, 1.0, -0.0, 0.0, -0.0, 0.0, 1.0, 0.0, 0.0, 0.0, 0.0, 1.0], "invBind": [1.0, -0.0, 0.0, -0.0, 0.0, 0.0, -1.0, -0.0, 0.0, 1.0, 0.0, -0.0, 0.0, 0.0, 0.0, 1.0]}], "parts": [{"texture": "moundo.jpg", "keyed": false, "influencesPerVertex": 1, "verts": [0.00058, 18.69466, 0.00058, 0.00058, 16.79085, -12.13072, -4.64205, 16.79085, -11.20753, -8.57809, 16.79085, -8.57809, -11.20753, 16.79085, -4.64205, -12.13072, 16.79085, 0.00058, -11.20753, 16.79085, 4.64205, -8.57809, 16.79085, 8.57809, -4.8158, 15.9544, 11.2666, 0.00058, 16.79085, 12.13072, 4.79379, 16.00853, 11.25154, 8.57809, 16.79085, 8.57809, 11.20753, 16.79085, 4.64205, 12.13072, 16.79085, -0.00058, 11.20753, 16.79085, -4.64205, 8.57809, 16.79085, -8.57809, 4.64205, 16.79085, -11.20753, 0.00058, 11.36868, -22.41563, -8.57809, 11.36868, -20.70939, -15.85015, 11.36868, -15.85015, -20.70939, 11.36868, -8.57809, -22.41563, 11.36868, -0.00058, -20.70939, 11.36868, 8.57809, -15.85015, 11.36868, 15.85015, 15.85015, 11.36868, 15.85015, 20.70939, 11.36868, 8.57809, 22.41563, 11.36868, -0.00058, 20.70939, 11.36868, -8.57809, 15.85015, 11.36868, -15.85015, 8.57809, 11.36868, -20.70939, 0.00058, 4.48419, -29.28691, -11.20753, 4.48419, -27.0571, -20.70939, 4.48419, -20.70939, -27.0571, 4.48419, -11.20753, -29.28691, 4.48419, -0.00058, -27.0571, 4.48419, 11.20753, -20.70939, 4.48419, 20.70939, -11.20753, 4.48419, 27.0571, -8.35917, 10.97117, 20.26112, 0.00058, 4.48419, 29.28691, 0.00058, 11.36868, 22.41563, 11.20753, 4.48419, 27.0571, 8.20974, 10.91958, 20.26922, 20.70939, 4.48419, 20.70939, 27.0571, 4.48419, 11.20753, 29.28691, 4.48419, -0.00058, 27.0571, 4.48419, -11.20753, 20.70939, 4.48419, -20.70939, 11.20753, 4.48419, -27.0571, 0.00058, 5.24622, -31.69973, -12.13072, 5.24622, -29.28691, -22.41563, 5.24622, -22.41563, -29.28691, 5.24622, -12.13072, -31.69973, 5.24622, -0.00058, -29.28691, 5.24622, 12.13072, -22.41563, 5.24622, 22.41563, -12.13072, 5.24622, 29.28691, 0.00058, 5.24622, 31.69973, 12.13072, 5.24622, 29.28691, 22.41563, 5.24622, 22.41563, 29.28691, 5.24622, 12.13072, 31.69973, 5.24622, -0.00058, 29.28691, 5.24622, -12.13072, 22.41563, 5.24622, -22.41563, 12.13072, 5.24622, -29.28691, 0.00058, 5.24622, -31.69973, 0.00058, 0.18265, -35.14463, -13.44891, 0.18265, -32.46887, -12.13072, 5.24622, -29.28691, -24.85046, 0.18265, -24.85046, -22.41563, 5.24622, -22.41563, -22.41563, 5.24622, -22.41563, -24.85046, 0.18265, -24.85046, -32.46887, 0.18265, -13.44891, -29.28691, 5.24622, -12.13072, -35.14463, 0.18265, -0.00058, -31.69973, 5.24622, -0.00058, -32.46887, 0.18265, 13.44891, -29.28691, 5.24622, 12.13072, -24.85046, 0.18265, 24.85046, -22.41563, 5.24622, 22.41563, -22.41563, 5.24622, 22.41563, -24.85046, 0.18265, 24.85046, -13.44891, 0.18265, 32.46887, -12.13072, 5.24622, 29.28691, 0.00058, 0.18265, 35.14463, 0.00058, 5.24622, 31.69973, 13.44891, 0.18265, 32.46887, 12.13072, 5.24622, 29.28691, 24.85046, 0.18265, 24.85046, 22.41563, 5.24622, 22.41563, 22.41563, 5.24622, 22.41563, 24.85046, 0.18265, 24.85046, 32.46887, 0.18265, 13.44891, 29.28691, 5.24622, 12.13072, 35.14463, 0.18265, -0.00058, 31.69973, 5.24622, -0.00058, 32.46887, 0.18265, -13.44891, 29.28691, 5.24622, -12.13072, 24.85046, 0.18265, -24.85046, 22.41563, 5.24622, -22.41563, 22.41563, 5.24622, -22.41563, 24.85046, 0.18265, -24.85046, 13.44891, 0.18265, -32.46887, 12.13072, 5.24622, -29.28691, 11.07779, 11.58435, 17.65369, 11.26428, 13.3503, 13.92847, 8.66149, 15.18306, 11.27703, -4.49031, 11.79664, 20.28544, 1.73809, 13.57781, 17.5923, -1.85045, 13.59811, 17.6618, 1.92574, 15.34376, 13.86708, -1.98598, 15.32008, 13.92499, 4.34088, 11.74504, 20.24374, -8.68466, 15.12893, 11.24112, -11.32452, 13.32746, 13.86476, -11.19015, 11.60549, 17.60157, 0.00058, -36.73228, -37.95593, -14.52501, -36.73228, -35.06703, -13.44891, 0.18265, -32.46887, 0.00058, 0.18265, -35.14463, -26.83933, -36.73228, -26.83933, -24.85046, 0.18265, -24.85046, -26.83933, -36.73228, -26.83933, -35.06703, -36.73228, -14.52501, -32.46887, 0.18265, -13.44891, -24.85046, 0.18265, -24.85046, -37.95593, -36.73228, -0.00058, -35.14463, 0.18265, -0.00058, -35.06703, -36.73228, 14.52501, -32.46887, 0.18265, 13.44891, -26.83933, -36.73228, 26.83933, -24.85046, 0.18265, 24.85046, -26.83933, -36.73228, 26.83933, -14.52501, -36.73228, 35.06703, -13.44891, 0.18265, 32.46887, -24.85046, 0.18265, 24.85046, 0.00058, -36.73228, 37.95593, 0.00058, 0.18265, 35.14463, 14.52501, -36.73228, 35.06703, 13.44891, 0.18265, 32.46887, 26.83933, -36.73228, 26.83933, 24.85046, 0.18265, 24.85046, 26.83933, -36.73228, 26.83933, 35.06703, -36.73228, 14.52501, 32.46887, 0.18265, 13.44891, 24.85046, 0.18265, 24.85046, 37.95593, -36.73228, -0.00058, 35.14463, 0.18265, -0.00058, 35.06703, -36.73228, -14.52501, 32.46887, 0.18265, -13.44891, 26.83933, -36.73228, -26.83933, 24.85046, 0.18265, -24.85046, 26.83933, -36.73228, -26.83933, 14.52501, -36.73228, -35.06703, 13.44891, 0.18265, -32.46887, 24.85046, 0.18265, -24.85046],