{"name": "LIGHTBEAM", "texture": "lightbeamo.jpg", "influencesPerVertex": 1, "verts": [7.99724, 65.18537, -26.93555, 7.99724, 65.18537, -0.00041, 194.04289, 65.18537, 0.00041, 194.04289, 65.18537, -26.93555, 7.99724, 65.18537, -0.00041, 7.99724, 65.18537, 26.93555, 194.04289, 65.18537, 26.93555, 194.04289, 65.18537, 0.00041, 7.99724, 65.18537, -0.00041, 7.99724, 65.18537, -26.93555, 194.04289, 65.18537, 0.00041, 194.04289, 65.18537, -26.93555, 7.99724, 65.18537, 26.93555, 7.99724, 65.18537, -0.00041, 194.04289, 65.18537, 26.93555, 194.04289, 65.18537, 0.00041, 7.99724, 38.25024, -0.00041, 7.99724, 65.1862, -0.00041, 194.04289, 65.18537, 0.00041, 194.04289, 38.25024, 0.00041, 7.99724, 65.1862, -0.00041, 7.99724, 92.12133, -0.00041, 194.04289, 92.12133, 0.00041, 194.04289, 65.18537, 0.00041, 7.99724, 65.1862, -0.00041, 7.99724, 38.25024, -0.00041, 194.04289, 65.18537, 0.00041, 194.04289, 38.25024, 0.00041, 7.99724, 92.12133, -0.00041, 7.99724, 65.1862, -0.00041, 194.04289, 92.12133, 0.00041, 194.04289, 65.18537, 0.00041], "normals": [-0.0, 1.0, -0.0, -0.0, 1.0, -0.0, -0.0, 1.0, -0.0, -0.0, 1.0, -0.0, -0.0, 1.0, -0.0, -0.0, 1.0, -0.0, -0.0, 1.0, -0.0, -0.0, 1.0, -0.0, -0.0, -1.0, 0.0, -0.0, -1.0, 0.0, -0.0, -1.0, 0.0, -0.0, -1.0, 0.0, -0.0, -1.0, 0.0, -0.0, -1.0, 0.0, -0.0, -1.0, 0.0, -0.0, -1.0, 0.0, -0.0, -0.0, -1.0, -0.0, -0.0, -1.0, -0.0, -0.0, -1.0, -0.0, -0.0, -1.0, -0.0, -0.0, -1.0, -0.0, -0.0, -1.0, -0.0, -0.0, -1.0, -0.0, -0.0, -1.0, -0.0, 0.0, 1.0, -0.0, 0.0, 1.0, -0.0, 0.0, 1.0, -0.0, 0.0, 1.0, -0.0, 0.0, 1.0, -0.0, 0.0, 1.0, -0.0, 0.0, 1.0, -0.0, 0.0, 1.0], "uvs": [0.0005, 0.02224, 0.0005, 0.98742, 0.98984, 0.98742, 0.98984, 0.02224, 0.0, 0.98792, 0.0, 0.02174, 0.99034, 0.02174, 0.99034, 0.98792, 0.0005, 0.98742, 0.0005, 0.02224, 0.98984, 0.98742, 0.98984, 0.02224, 0.0, 0.02174, 0.0, 0.98792, 0.99034, 0.02174, 0.99034, 0.98792, 0.0005, 0.02224, 0.0005, 0.98742, 0.98984, 0.98742, 0.98984, 0.02224, 0.0, 0.98792, 0.0, 0.02174, 0.99034, 0.02174, 0.99034, 0.98792, 0.0005, 0.98742, 0.0005, 0.02224, 0.98984, 0.98742, 0.98984, 0.02224, 0.0, 0.02174, 0.0, 0.98792, 0.99034, 0.02174, 0.99034, 0.98792], "tris": [0, 1, 2, 2, 3, 0, 4, 5, 6, 6, 7, 4, 8, 9, 10, 11, 10, 9, 12, 13, 14, 15, 14, 13, 16, 17, 18, 18, 19, 16, 20, 21, 22, 22, 23, 20, 24, 25, 26, 27, 26, 25, 28, 29, 30, 31, 30, 29], "bones": [{"name": "dummy bone", "parent": -1, "bindLocal": [1.290323, -0.0, -0.0, 0.0, 0.0, 0.0, 1.226994, 0.0, -0.0, -2.0, 0.0, -0.0, 0.0, 0.0, 0.0, 1.0], "invBind": [0.775, 0.0, 0.0, 0.0, -0.0, 0.0, -0.5, 0.0, -0.0, 0.815, 0.0, 0.0, 0.0, 0.0, 0.0, 1.0]}, {"name": "Plane01", "parent": -1, "bindLocal": [1.0, 0.0, 0.0, 0.0, -0.0, 0.0, -1.0, -0.0, -0.0, 1.0, 0.0, 0.0, 0.0, 0.0, 0.0, 1.0], "invBind": [1.0, -0.0, -0.0, -0.0, 0.0, 0.0, 1.0, -0.0, 0.0, -1.0, 0.0, -0.0, 0.0, 0.0, 0.0, 1.0]}], "skinIndices": [1, 1, 1, 1, 1, 1, 1, 1, 1, 1, 1, 1, 1, 1, 1, 1, 1, 1, 1, 1, 1, 1, 1, 1, 1, 1, 1, 1, 1, 1, 1, 1], "skinWeights": [1.0, 1.0, 1.0, 1.0, 1.0, 1.0, 1.0, 1.0, 1.0, 1.0, 1.0, 1.0, 1.0, 1.0, 1.0, 1.0, 1.0, 1.0, 1.0, 1.0, 1.0, 1.0, 1.0, 1.0, 1.0, 1.0, 1.0, 1.0, 1.0, 1.0, 1.0, 1.0]}