{"name": "TIKKI2", "bones": [{"name": "dummy bone", "parent": -1, "bindLocal": [0.393701, -0.0, -0.0, 0.059996, -0.0, 0.0, -0.393701, -0.0, -0.0, 0.27922, 0.0, -0.0, 0.0, 0.0, 0.0, 1.0], "invBind": [2.54, -0.0, 0.0, -0.152389, 0.0, 0.0, 3.5814, 0.0, -0.0, -2.54, 0.0, 0.0, 0.0, 0.0, 0.0, 1.0]}, {"name": "tikki_2", "parent": -1, "bindLocal": [1.0, -0.0, 0.0, 0.0, -0.0, 0.0, 1.0, 0.0, -0.0, -1.0, 0.0, -0.0, 0.0, 0.0, 0.0, 1.0], "invBind": [1.0, -0.0, -0.0, -0.0, -0.0, 0.0, -1.0, -0.0, 0.0, 1.0, 0.0, -0.0, 0.0, 0.0, 0.0, 1.0]}], "parts": [{"texture": "tikki2o.jpg", "keyed": false, "influencesPerVertex": 1, "verts": [-5e-05, -1.23707, 4e-05, 2.13759, -1.23707, -2.54381, 3.02311, -1.23707, 4e-05, -5e-05, -1.23707, -3.59745, -2.13759, -1.23707, -2.54381, -3.02311, -1.23707, 4e-05, -5e-05, -1.23707, 4e-05, -2.13759, -1.23707, 2.23066, -3.02311, -1.23707, 4e-05, 5e-05, -1.23707, 2.86947, 2.13759, -1.23707, 2.23066, 3.02311, -1.23707, 4e-05, 2.26094, 4.03985, 4e-05, 1.6045, 11.01598, -1.60446, 2.26916, 11.01598, 4e-05, 1.61223, 4.25111, -1.5971, -5e-05, 11.01598, -2.26915, 0.01932, 4.45448, -2.2587, -1.6045, 11.01598, -1.60446, -1.23007, 4.49989, -1.5971, -2.26916, 11.01598, 4e-05, -2.13564, 4.42447, 4e-05, -2.13564, 4.42447, 4e-05, -1.6045, 11.01598, 1.60455, -2.26916, 11.01598, 4e-05, -1.25687, 4.19346, 1.59707, 5e-05, 11.01598, 2.26912, -0.01854, 4.02129, 2.25867, 1.6045, 11.01598, 1.60455, 1.58543, 3.94468, 1.59707, 2.26916, 11.01598, 4e-05, 2.26094, 4.03985, 4e-05, 2.12136, 12.08179, -2.07876, 3.00003, 12.50472, 4e-05, -5e-05, 11.90686, -2.93977, -2.12136, 12.08179, -2.07876, -3.00003, 12.50472, 4e-05, -2.12136, 12.92765, 2.07873, -3.00003, 12.50472, 4e-05, 5e-05, 13.10298, 2.93974, 2.12136, 12.92765, 2.07873, 3.00003, 12.50472, 4e-05, 1.81314, 18.8589, -1.81313, 2.56407, 18.8589, 4e-05, -5e-05, 18.8589, -2.5641, -1.81314, 18.8589, -1.81313, -2.56407, 18.8589, 4e-05, -1.81314, 18.8589, 1.81309, -2.56407, 18.8589, 4e-05, 5e-05, 18.8589, 2.75196, 1.81314, 18.8589, 1.81309, 2.56407, 18.8589, 4e-05, 2.26642, 24.40198, -2.20375, 3.20514, 23.87322, 4e-05, -5e-05, 24.62115, -3.11663, -2.26642, 24.40198, -2.20375, -3.20514, 23.87322, 4e-05, -2.26104, 23.17664, 2.59398, -3.20514, 23.87322, 4e-05, -0.00641, 22.59852, 4.18116, 2.26739, 22.97919, 2.59398, 3.20514, 23.87322, 4e-05, -5e-05, 24.64208, 4e-05, 3.20514, 23.87322, 4e-05, 2.26642, 24.40198, -2.20375, -5e-05, 24.62115, -3.11663, -2.26642, 24.40198, -2.20375, -3.20514, 23.87322, 4e-05, -5e-05, 24.64208, 4e-05, -3.20514, 23.87322, 4e-05, -2.26104, 23.17664, 2.59398, -0.00641, 22.59852, 4.18116, 2.26739, 22.97919, 2.59398, 3.20514, 23.87322, 4e-05, 3.02311, -1.23707, 4e-05, 2.13759, -1.23707, -2.54381, -5e-05, -1.23707, -3.59745, -2.13759, -1.23707, -2.54381, -3.02311, -1.23707, 4e-05, -3.02311, -1.23707, 4e-05, -2.13759, -1.23707, 2.23066, 5e-05, -1.23707, 2.86947, 2.13759, -1.23707, 2.23066, 3.02311, -1.23707, 4e-05], "normals": [0.0, -1.0, 0.0, 0.0, -1.0, 0.0, 0.0, -1.0, 0.0, 0.0, -1.0, 0.0, 0.0, -1.0, 0.0, 0.0, -1.0, 0.0, 0.0, -1.0, 0.0, 0.0, -1.0, 0.0, 0.0, -1.0, 0.0, 0.0, -1.0, 0.0, 0.0, -1.0, 0.0, 0.0, -1.0, 0.0, 0.9946, 0.1035, 0.0049, 0.6719, -0.3834, -0.6337, 0.944, -0.3285, 0.0313, 0.7149, 0.1196, -0.6889, 0.0112, -0.3921, -0.9199, -0.0179, 0.147, -0.989, -0.6718, -0.3643, -0.6449, -0.7038, 0.1302, -0.6984, -0.9523, -0.3047, -0.0143, -0.9941, 0.1076, 0.0127, -0.9941, 0.1076, 0.0127, -0.6721, -0.2482, 0.6977, -0.9523, -0.3047, -0.0143, -0.6965, 0.107, 0.7095, -0.0278, -0.2274, 0.9734, -0.0086, 0.0987, 0.9951, 0.6657, -0.2616, 0.6989, 0.6899, 0.1, 0.717, 0.944, -0.3285, 0.0313, 0.9946, 0.1035, 0.0049, 0.6708, -0.3148, -0.6715, 0.9704, -0.2414, 0.0125, -0.0187, -0.3574, -0.9337, -0.6899, -0.338, -0.6401, -0.9608, -0.2741, 0.0407, -0.6804, -0.2146, 0.7008, -0.9608, -0.2741, 0.0407, 0.0211, -0.1902, 0.9815, 0.687, -0.1848, 0.7028, 0.9704, -0.2414, 0.0125, 0.7026, -0.0282, -0.711, 0.9993, -0.0363, -0.0063, 0.0016, -0.0303, -0.9995, -0.7007, -0.0395, -0.7123, -0.9983, -0.0549, -0.0173, -0.7559, -0.1204, 0.6435, -0.9983, -0.0549, -0.0173, 0.0398, -0.1833, 0.9823, 0.7351, -0.084, 0.6727, 0.9993, -0.0363, -0.0063, 0.7762, -0.1565, -0.6108, 0.9768, -0.1948, 0.0894, 0.1346, -0.1358, -0.9816, -0.5842, -0.1436, -0.7988, -0.9711, -0.1687, -0.1687, -0.8357, -0.2329, 0.4974, -0.9711, -0.1687, -0.1687, -0.1717, -0.4277, 0.8875, 0.6814, -0.3209, 0.6579, 0.9768, -0.1948, 0.0894, 0.007, 0.9848, 0.1737, 0.1646, 0.9672, 0.1933, 0.1189, 0.9918, 0.0457, 0.0, 1.0, -0.0047, -0.1189, 0.9918, 0.0457, -0.1654, 0.9716, 0.1691, 0.007, 0.9848, 0.1737, -0.1654, 0.9716, 0.1691, -0.1109, 0.9522, 0.2848, 0.0288, 0.9444, 0.3274, 0.1383, 0.9415, 0.3072, 0.1646, 0.9672, 0.1933, 0.9728, 0.2034, -0.1109, 0.6207, 0.2689, -0.7365, -0.1609, 0.3138, -0.9357, -0.7673, 0.2786, -0.5776, -0.9541, 0.2342, 0.1864, -0.9541, 0.2342, 0.1864, -0.581, 0.237, 0.7786, 0.132, 0.1774, 0.9752, 0.7599, 0.2149, 0.6135, 0.9728, 0.2034, -0.1109], "uvs": [0.7657, 0.00245, 0.91895, 0.08199, 0.98242, 0.00245, 0.7657, 0.11495, 0.61246, 0.08199, 0.54898, 0.00245, 0.75604, 0.0023, 0.60075, 0.06003, 0.53642, 0.0023, 0.75604, 0.07658, 0.91133, 0.06003, 0.97566, 0.0023, 0.50341, 0.79155, 0.40256, 0.52452, 0.50418, 0.52452, 0.40309, 0.78346, 0.28986, 0.52452, 0.2917, 0.77569, 0.17876, 0.52452, 0.20487, 0.77395, 0.07555, 0.52452, 0.08815, 0.77682, 0.63362, 0.77982, 0.69888, 0.53161, 0.62477, 0.53161, 0.71551, 0.78851, 0.77512, 0.53161, 0.77391, 0.795, 0.85242, 0.53161, 0.85149, 0.79789, 0.92549, 0.53161, 0.92494, 0.79429, 0.4386, 0.48372, 0.57322, 0.46754, 0.28986, 0.49042, 0.1427, 0.48372, 0.00651, 0.46754, 0.67415, 0.45961, 0.57636, 0.47554, 0.77512, 0.45302, 0.87715, 0.45961, 0.97391, 0.47554, 0.41709, 0.22431, 0.53204, 0.22431, 0.28986, 0.22431, 0.1642, 0.22431, 0.04767, 0.22431, 0.6889, 0.23627, 0.60523, 0.23627, 0.77512, 0.23627, 0.8624, 0.23627, 0.94503, 0.23627, 0.44257, 0.01214, 0.58084, 0.0324, 0.28986, 0.00375, 0.13873, 0.01214, -0.00111, 0.0324, 0.66746, 0.07367, 0.56276, 0.04746, 0.77471, 0.09545, 0.88413, 0.08111, 0.9875, 0.04746, 0.7657, 0.00245, 0.99547, 0.00245, 0.92817, 0.07136, 0.7657, 0.09992, 0.60323, 0.07136, 0.53594, 0.00245, 0.75604, 0.0023, 0.52319, 0.0023, 0.59177, 0.06944, 0.75558, 0.11053, 0.92076, 0.06944, 0.98889, 0.0023, 0.5754, 0.99354, 0.43972, 0.99354, 0.28986, 0.99354, 0.14158, 0.99354, 0.00433, 0.99354, 0.57482, 0.99301, 0.67336, 0.99301, 0.77512, 0.99301, 0.87792, 0.99301, 0.97544, 0.99301], "tris": [0, 1, 2, 0, 3, 1, 0, 4, 3, 0, 5, 4, 6, 7, 8, 6, 9, 7, 6, 10, 9, 6, 11, 10, 12, 13, 14, 12, 15, 13, 15, 16, 13, 15, 17, 16, 17, 18, 16, 17, 19, 18, 19, 20, 18, 19, 21, 20, 22, 23, 24, 22, 25, 23, 25, 26, 23, 25, 27, 26, 27, 28, 26, 27, 29, 28, 29, 30, 28, 29, 31, 30, 14, 32, 33, 14, 13, 32, 13, 34, 32, 13, 16, 34, 16, 35, 34, 16, 18, 35, 18, 36, 35, 18, 20, 36, 24, 37, 38, 24, 23, 37, 23, 39, 37, 23, 26, 39, 26, 40, 39, 26, 28, 40, 28, 41, 40, 28, 30, 41, 33, 42, 43, 33, 32, 42, 32, 44, 42, 32, 34, 44, 34, 45, 44, 34, 35, 45, 35, 46, 45, 35, 36, 46, 38, 47, 48, 38, 37, 47, 37, 49, 47, 37, 39, 49, 39, 50, 49, 39, 40, 50, 40, 51, 50, 40, 41, 51, 43, 52, 53, 43, 42, 52, 42, 54, 52, 42, 44, 54, 44, 55, 54, 44, 45, 55, 45, 56, 55, 45, 46, 56, 48, 57, 58, 48, 47, 57, 47, 59, 57, 47, 49, 59, 49, 60, 59, 49, 50, 60, 50, 61, 60, 50, 51, 61, 62, 63, 64, 62, 64, 65, 62, 65, 66, 62, 66, 67, 68, 69, 70, 68, 70, 71, 68, 71, 72, 68, 72, 73, 15, 12, 74, 74, 75, 15, 17, 15, 75, 75, 76, 17, 19, 17, 76, 76, 77, 19, 21, 19, 77, 77, 78, 21, 25, 22, 79, 79, 80, 25, 27, 25, 80, 80, 81, 27, 29, 27, 81, 81, 82, 29, 31, 29, 82, 82, 83, 31], "skinIndices": [1, 1, 1, 1, 1, 1, 1, 1, 1, 1, 1, 1, 1, 1, 1, 1, 1, 1, 1, 1, 1, 1, 1, 1, 1, 1, 1, 1, 1, 1, 1, 1, 1, 1, 1, 1, 1, 1, 1, 1, 1, 1, 1, 1, 1, 1, 1, 1, 1, 1, 1, 1, 1, 1, 1, 1, 1, 1, 1, 1, 1, 1, 1, 1, 1, 1, 1, 1, 1, 1, 1, 1, 1, 1, 1, 1, 1, 1, 1, 1, 1, 1, 1, 1],