{"name": "HUT", "bones": [{"name": "dummy bone", "parent": -1, "bindLocal": [1.0, 0.0, -0.0, 0.0, -0.0, 0.0, -1.0, -0.0, 0.0, 1.0, 0.0, 0.0, 0.0, 0.0, 0.0, 1.0], "invBind": [1.0, -0.0, 0.0, 0.0, 0.0, 0.0, 1.0, 0.0, -0.0, -1.0, 0.0, 0.0, 0.0, 0.0, 0.0, 1.0]}, {"name": "WtActorRoot", "parent": -1, "bindLocal": [1.0, -0.0, -0.0, 0.0, 0.0, 0.0, 1.0, 0.0, -0.0, -1.0, 0.0, -0.0, 0.0, 0.0, 0.0, 1.0], "invBind": [1.0, 0.0, -0.0, -0.0, -0.0, 0.0, -1.0, -0.0, -0.0, 1.0, 0.0, -0.0, 0.0, 0.0, 0.0, 1.0]}, {"name": "hut", "parent": 1, "bindLocal": [1.0, 0.0, 0.0, 0.0, 0.0, 1.0, 0.0, 0.0, -0.0, -0.0, 1.0, 0.0, 0.0, 0.0, 0.0, 1.0], "invBind": [1.0, 0.0, -0.0, -0.0, -0.0, 0.0, -1.0, -0.0, -0.0, 1.0, 0.0, -0.0, 0.0, 0.0, 0.0, 1.0]}], "parts": [{"texture": "hut.jpg", "keyed": false, "influencesPerVertex": 1, "verts": [-0.02369, -0.25941, -0.00017, -2.63456, -0.25941, 6.30298, -6.32684, -0.25941, 2.61071, 6.27913, -0.25941, 2.61071, 2.58686, -0.25941, 6.30298, 6.27913, -0.25941, -2.61071, 2.58686, -0.25941, -6.30298, -2.63456, -0.25941, -6.30298, -6.32684, -0.25941, -2.61071, -6.32684, -0.25941, 2.61071, -3.21472, 10.44, 7.70368, -6.67916, 2.43235, 2.75666, -2.63456, -0.25941, 6.30298, 2.58686, -0.25941, 6.30298, 6.63145, 2.43235, 2.75666, 3.16701, 10.44, 7.70368, 6.27913, -0.25941, 2.61071, 6.27913, -0.25941, 2.61071, 6.63145, 2.43235, -2.75666, 6.63145, 2.43235, 2.75666, 6.27913, -0.25941, -2.61071, 6.27913, -0.25941, -2.61071, 2.58686, -0.25941, -6.30298, 6.63145, 2.43235, -2.75666, -2.63456, -0.25941, -6.30298, -6.32684, -0.25941, -2.61071, -6.67916, 2.43235, -2.75666, -6.32684, -0.25941, -2.61071, -6.67916, 2.43235, 2.75666, -6.67916, 2.43235, -2.75666, -6.32684, -0.25941, 2.61071, -7.26229, 6.88558, 2.99836, 7.21458, 6.88558, 2.99836, 3.16701, 10.44, -7.70368, 7.21458, 6.88558, -2.99836, -3.21472, 10.44, -7.70368, -7.26229, 6.88558, -2.99836, -7.72754, 10.44, 3.19087, 7.67983, 10.44, 3.19087, 7.21458, 6.88558, 2.99836, 7.67983, 10.44, -3.19087, 7.67983, 10.44, 3.19087, 7.21458, 6.88558, -2.99836, 7.67983, 10.44, -3.19087, -7.72754, 10.44, -3.19087, -7.26229, 6.88558, -2.99836, -7.72754, 10.44, 3.19087, -7.72754, 10.44, -3.19087, -7.26229, 6.88558, 2.99836, -7.72754, 10.44, 3.19087, -4.50547, 8.55699, 10.81976, -10.84362, 8.55699, 4.48161, -3.21472, 10.44, 7.70368, 4.45776, 8.55699, 10.81976, 3.16701, 10.44, 7.70368, 10.79591, 8.55699, 4.48161, 7.67983, 10.44, 3.19087, 7.67983, 10.44, 3.19087, 10.79591, 8.55699, -4.48161, 10.79591, 8.55699, 4.48161, 7.67983, 10.44, -3.19087, 7.67983, 10.44, -3.19087, 4.45776, 8.55699, -10.81976, 10.79591, 8.55699, -4.48161, 3.16701, 10.44, -7.70368, -4.50547, 8.55699, -10.81976, -3.21472, 10.44, -7.70368, -10.84362, 8.55699, -4.48161, -7.72754, 10.44, -3.19087, -7.72754, 10.44, -3.19087, -10.84362, 8.55699, 4.48161, -10.84362, 8.55699, -4.48161, -7.72754, 10.44, 3.19087, -10.84362, 8.55699, 4.48161, -4.50547, 8.55699, 10.81976, -0.02369, 20.16487, 0.00017, 4.45776, 8.55699, 10.81976, 10.79591, 8.55699, 4.48161, 10.79591, 8.55699, -4.48161, 4.45776, 8.55699, -10.81976, -4.50547, 8.55699, -10.81976, -10.84362, 8.55699, -4.48161, -1.36594, -0.25941, 6.30431, -1.56505, 6.88558, 7.23976, -3.21472, 10.44, 7.70368, -2.63456, -0.25941, 6.30298, 1.56787, 6.88558, 7.25362, 1.36215, -0.25941, 6.31619, 2.58686, -0.25941, 6.30298, 3.16701, 10.44, 7.70368, -1.33953, -0.25941, 5.7499, -1.53467, 6.88558, 6.60346, -1.56505, 6.88558, 7.23976, -1.36594, -0.25941, 6.30431, 1.59098, 6.88558, 6.617, 1.38229, -0.25941, 5.76179, 1.36215, -0.25941, 6.31619, 1.56787, 6.88558, 7.25362, -1.53467, 6.88558, 6.60346, 1.59098, 6.88558, 6.617, 1.56787, 6.88558, 7.25362, -1.56505, 6.88558, 7.23976, -1.33953, -0.25941, 5.7499, 1.38229, -0.25941, 5.76179, 1.59098, 6.88558, 6.617, -1.53467, 6.88558, 6.60346, 6.24875, 2.43235, -2.75666, 6.24875, 2.43235, 2.75666, 6.63145, 2.43235, 2.75666, 6.63145, 2.43235, -2.75666, 6.24875, 2.43235, 2.75666, 6.79853, 6.88558, 2.99836, 7.21458, 6.88558, 2.99836, 6.63145, 2.43235, 2.75666, 6.79853, 6.88558, -2.99836, 6.24875, 2.43235, -2.75666, 6.63145, 2.43235, -2.75666, 7.21458, 6.88558, -2.99836, 6.79853, 6.88558, 2.99836, 6.79853, 6.88558, -2.99836, 7.21458, 6.88558, -2.99836, 7.21458, 6.88558, 2.99836, -6.29646, 2.43235, 2.75666, -6.29646, 2.43235, -2.75666, -6.67916, 2.43235, -2.75666, -6.67916, 2.43235, 2.75666, -6.84624, 6.88558, 2.99836, -6.29646, 2.43235, 2.75666, -6.67916, 2.43235, 2.75666, -7.26229, 6.88558, 2.99836, -6.29646, 2.43235, -2.75666, -6.84624, 6.88558, -2.99836, -7.26229, 6.88558, -2.99836, -6.67916, 2.43235, -2.75666, -6.84624, 6.88558, -2.99836, -6.84624, 6.88558, 2.99836, -7.26229, 6.88558, 2.99836, -7.26229, 6.88558, -2.99836, -6.29646, 2.43235, -2.75666, -6.29646, 2.43235, 2.75666, -6.84624, 6.88558, 2.99836, -6.84624, 6.88558, -2.99836, 6.24875, 2.43235, 2.75666, 6.24875, 2.43235, -2.75666, 6.79853, 6.88558, -2.99836, 6.79853, 6.88558, 2.99836, 1.38229, -0.25941, 5.76179, -1.33953, -0.25941, 5.7499, 1.36215, -0.25941, 6.31619, -1.36594, -0.25941, 6.30431],