{"name": "DEBRIS/PALM2_debris3", "bones": [{"name": "dummy bone", "parent": -1, "bindLocal": [4.524074, -0.0, -0.0, 0.0, -0.0, 0.0, -4.524074, 7e-06, -0.0, 3.231481, 0.0, -128.562215, 0.0, 0.0, 0.0, 1.0], "invBind": [0.22104, -0.0, 0.0, -0.0, 0.0, 0.0, 0.309456, 39.784298, -0.0, -0.22104, 0.0, 3e-06, 0.0, 0.0, 0.0, 1.0]}, {"name": "Cylinder01", "parent": -1, "bindLocal": [1.0, -0.0, 0.0, 0.0, -0.0, 0.0, 1.0, 0.0, -0.0, -1.0, 0.0, -0.0, 0.0, 0.0, 0.0, 1.0], "invBind": [1.0, -0.0, -0.0, -0.0, -0.0, 0.0, -1.0, -0.0, 0.0, 1.0, 0.0, -0.0, 0.0, 0.0, 0.0, 1.0]}], "parts": [{"texture": "palmo.png", "keyed": false, "influencesPerVertex": 1, "verts": [2.64307, -11.6579, -0.00033, 2.28883, -11.6579, -1.32191, 2.80309, -3.78852, -1.61872, 3.23683, -3.78852, -0.00033, 1.32172, -11.6579, -2.28899, 1.61859, -3.78852, -2.8029, -0.00015, -11.6579, -2.64349, -0.00015, -3.78852, -3.2371, -0.00015, -11.6579, -2.64349, -1.3215, -11.6579, -2.28899, -1.61838, -3.78852, -2.8029, -0.00015, -3.78852, -3.2371, -1.3215, -11.6579, -2.28899, -2.28913, -11.6579, -1.32191, -2.80338, -3.78852, -1.61872, -2.64337, -11.6579, -0.00033, -3.23712, -3.78852, -0.00033, -2.28913, -11.6579, 1.32124, -2.80338, -3.78852, 1.61881, -1.3215, -11.6579, 2.28908, -1.61838, -3.78852, 2.80299, -0.00015, -11.6579, 2.64282, -0.00015, -3.78852, 3.23719, 1.32172, -11.6579, 2.28908, 1.61859, -3.78852, 2.80299, 2.28883, -11.6579, 1.32124, 2.80309, -3.78852, 1.61881, -0.00015, 2.37512, -0.00033, -21.70696, -5.32162, -4.29831, -20.05903, -8.71622, 2.75972, -23.05197, -14.81654, 2.23215, -25.72991, -12.7022, -5.0073, -15.97268, -0.94392, -3.2872, -15.67329, -5.12112, 3.53323, -10.45176, 1.36206, -2.31328, -11.07722, -3.03632, 4.34318, -5.33942, 1.82047, -1.41224, -6.87665, -2.59437, 5.08406, 0.04816, 0.71159, -0.46186, -1.94193, -3.63825, 5.95397, -17.74439, -8.71622, -10.36648, -20.73733, -14.81654, -10.89405, -13.35865, -5.12112, -9.59296, -8.76258, -3.03632, -8.78301, -4.56251, -2.59437, -8.04214, 0.37271, -3.63825, -7.17222, -23.05197, -14.81654, 2.23215, -20.05903, -8.71622, 2.75972, -21.70696, -5.32162, -4.29831, -25.72991, -12.7022, -5.0073, -15.67329, -5.12112, 3.53323, -15.97268, -0.94392, -3.2872, -11.07722, -3.03632, 4.34318, -10.45176, 1.36206, -2.31328, -6.87665, -2.59437, 5.08406, -5.33942, 1.82047, -1.41224, -1.94193, -3.63825, 5.95397, 0.04816, 0.71159, -0.46186, -17.74439, -8.71622, -10.36648, -20.73733, -14.81654, -10.89405, -13.35865, -5.12112, -9.59296, -8.76258, -3.03632, -8.78301, -4.56251, -2.59437, -8.04214, 0.37271, -3.63825, -7.17222, -8.03699, 12.84638, 13.96238, -2.98654, 9.7194, 18.54425, -6.38353, 9.31882, 24.42797, -12.25165, 12.62266, 21.26332, -4.66113, 10.80422, 8.11586, -0.29904, 8.25257, 13.88875, -2.22925, 8.10441, 3.90367, 1.79622, 6.06858, 10.25954, -0.69605, 4.95969, 1.24761, 3.08437, 3.51017, 8.02933, 0.23786, 1.0345, -0.36925, 3.9272, -0.09675, 6.56884, -14.52956, 9.7194, 11.87944, -17.92705, 9.31882, 17.76391, -11.84206, 8.25257, 7.22469, -9.7468, 6.06858, 3.59548, -8.45865, 3.51017, 1.36451, -7.61582, -0.09675, -0.09522, -6.38353, 9.31882, 24.42797, -2.98654, 9.7194, 18.54425, -8.03699, 12.84638, 13.96238, -12.25165, 12.62266, 21.26332, -0.29904, 8.25257, 13.88875, -4.66113, 10.80422, 8.11586, 1.79622, 6.06858, 10.25954, -2.22925, 8.10441, 3.90367, 3.08437, 3.51017, 8.02933, -0.69605, 4.95969, 1.24761, 3.9272, -0.09675, 6.56884, 0.23786, 1.0345, -0.36925, -14.52956, 9.7194, 11.87944, -17.92705, 9.31882, 17.76391, -11.84206, 8.25257, 7.22469, -9.7468, 6.06858, 3.59548, -8.45865, 3.51017, 1.36451, -7.61582, -0.09675, -0.09522, -8.41337, 12.84638, -14.81399, -14.84958, 9.7194, -12.56177, -18.39954, 9.31882, -18.35439, -12.81823, 12.62266, -22.00182, -4.88605, 10.80422, -9.05705, -12.04132, 8.25257, -7.97838, -2.34448, 8.10441, -4.91013, -9.85146, 6.06858, -4.40534, -0.74234, 4.95969, -2.29507, -8.50545, 3.51017, -2.20929, 0.23333, 1.0345, -0.70325, -7.62488, -0.09675, -0.77157, -3.48519, 9.7194, -19.52567, -7.03515, 9.31882, -25.31905, -0.67642, 8.25257, -14.94304, 1.51343, 6.06858, -11.37, 2.85894, 3.51017, -9.17395, 3.74001, -0.09675, -7.73623, -18.39954, 9.31882, -18.35439, -14.84958, 9.7194, -12.56177, -8.41337, 12.84638, -14.81399, -12.81823, 12.62266, -22.00182, -12.04132, 8.25257, -7.97838, -4.88605, 10.80422, -9.05705, -9.85146, 6.06858, -4.40534, -2.34448, 8.10441, -4.91013, -8.50545, 3.51017, -2.20929, -0.74234, 4.95969, -2.29507, -7.62488, -0.09675, -0.77157, 0.23333, 1.0345, -0.70325, -3.48519, 9.7194, -19.52567, -7.03515, 9.31882, -25.31905, -0.67642, 8.25257, -14.94304, 1.51343, 6.06858, -11.37, 2.85894, 3.51017, -9.17395, 3.74001, -0.09675, -7.73623, -21.78344, 7.98664, -0.43074, -21.05182, 3.6157, 6.23332, -26.76646, -0.09802, 6.23332, -29.0489, 3.70054, -0.43074, -14.54415, 8.803, -0.43074, -15.39, 4.45316, 6.23332, -8.54369, 7.94485, -0.43074, -10.31087, 3.88078, 6.23332, -3.83792, 5.70472, -0.43074, -6.4112, 2.09695, 6.23332, 0.31283, 1.97327, -0.43074, -2.62374, -1.34577, 6.23332, -21.05182, 3.6157, -7.09556, -26.76646, -0.09802, -7.09556, -15.39, 4.45316, -7.09556, -10.31087, 3.88078, -7.09556, -6.4112, 2.09695, -7.09556, -2.62374, -1.34577, -7.09556, -26.76646, -0.09802, 6.23332, -21.05182, 3.6157, 6.23332, -21.78344, 7.98664, -0.43074, -29.0489, 3.70054, -0.43074, -15.39, 4.45316, 6.23332, -14.54415, 8.803, -0.43074, -10.31087, 3.88078, 6.23332, -8.54369, 7.94485, -0.43074, -6.4112, 2.09695, 6.23332, -3.83792, 5.70472, -0.43074, -2.62374, -1.34577, 6.23332, 0.31283, 1.97327, -0.43074, -21.05182, 3.6157, -7.09556, -26.76646, -0.09802, -7.09556, -15.39, 4.45316, -7.09556, -10.31087, 3.88078, -7.09556, -6.4112, 2.09695, -7.09556, -2.62374, -1.34577, -7.09556, 2.28883, -11.6579, 1.32124, 1.32172, -11.6579, 2.28908, -0.00015, -11.6579, 2.64282, -1.3215, -11.6579, 2.28908, -2.28913, -11.6579, 1.32124, -2.64337, -11.6579, -0.00033, -2.28913, -11.6579, -1.32191, -1.3215, -11.6579, -2.28899, -0.00015, -11.6579, -2.64349, 1.32172, -11.6579, -2.28899, 2.28883, -11.6579, -1.32191, 2.64307, -11.6579, -0.00033],