{"name": "DEBRIS/OBELISK_debris1", "bones": [{"name": "dummy bone", "parent": -1, "bindLocal": [0.4, -0.0, -0.0, 0.0, -0.0, 0.0, -0.4, -0.0, 0.0, 0.4, 0.0, -15.2, 0.0, 0.0, 0.0, 1.0], "invBind": [2.5, -0.0, 0.0, 0.0, -0.0, 0.0, 2.5, 38.0, -0.0, -2.5, 0.0, 2e-06, 0.0, 0.0, 0.0, 1.0]}, {"name": "obelisk03", "parent": -1, "bindLocal": [1.0, -0.0, 0.0, 0.0, -0.0, 0.0, 1.0, 0.0, -0.0, -1.0, 0.0, -0.0, 0.0, 0.0, 0.0, 1.0], "invBind": [1.0, -0.0, -0.0, -0.0, -0.0, 0.0, -1.0, -0.0, 0.0, 1.0, 0.0, -0.0, 0.0, 0.0, 0.0, 1.0]}], "parts": [{"texture": "obelisko.jpg", "keyed": false, "influencesPerVertex": 1, "verts": [-2.74711, 2.57134, 2.74728, 2.74731, 2.57134, 2.74728, 0.03853, 5.26012, 0.03135, 3.22313, -1.92453, 3.22301, 3.41672, -3.75478, -3.41666, 2.74731, 2.57134, -2.74725, 2.74731, 2.57134, 2.74728, 0.03853, 5.26012, 0.03135, 2.74731, 2.57134, -2.74725, -2.74711, 2.57134, -2.74725, -3.56187, -5.12819, 3.56193, -2.74711, 2.57134, 2.74728, -2.74711, 2.57134, -2.74725, -3.79984, -7.37767, -3.79994, 3.22313, -1.92453, 3.22301, -3.56187, -5.12819, 3.56193, 3.41672, -3.75478, -3.41666, -3.79984, -7.37767, -3.79994, 3.41672, -3.75478, -3.41666, 3.22313, -1.92453, 3.22301, -3.56187, -5.12819, 3.56193, -3.79984, -7.37767, -3.79994], "normals": [-0.4658, 0.4814, 0.7425, 0.5852, 0.5617, 0.5848, 0.0035, 1.0, 0.0029, 0.6993, 0.148, 0.6993, 0.4428, 0.1405, -0.8855, 0.7427, 0.4809, -0.466, 0.5852, 0.5617, 0.5848, 0.0035, 1.0, 0.0029, 0.7427, 0.4809, -0.466, -0.6349, 0.4399, -0.6351, -0.8855, 0.1405, 0.4428, -0.4658, 0.4814, 0.7425, -0.6349, 0.4399, -0.6351, -0.6993, 0.148, -0.6993, 0.6993, 0.148, 0.6993, -0.8855, 0.1405, 0.4428, 0.4428, 0.1405, -0.8855, -0.6993, 0.148, -0.6993, 0.4234, -0.8701, 0.2522, 0.4234, -0.8701, 0.2522, 0.4234, -0.8701, 0.2522, 0.4234, -0.8701, 0.2522], "uvs": [0.31853, 0.06622, 0.62053, 0.06622, 0.47164, 0.00679, 0.65512, 0.1655, 0.28073, 0.20619, 0.31847, 0.06553, 0.6283, 0.06553, 0.47515, 0.00592, 0.62053, 0.06622, 0.31853, 0.06622, 0.67424, 0.23673, 0.6283, 0.06553, 0.31847, 0.06553, 0.25911, 0.28675, 0.64668, 0.16561, 0.27375, 0.23643, 0.65732, 0.20607, 0.26068, 0.28615, 0.2924, 0.07081, 0.2864, 0.27664, 0.07607, 0.28715, 0.06868, 0.05893], "tris": [0, 1, 2, 3, 4, 5, 5, 6, 3, 6, 5, 7, 8, 9, 2, 10, 11, 12, 12, 13, 10, 12, 11, 7, 14, 1, 0, 0, 15, 14, 9, 8, 16, 16, 17, 9, 18, 19, 20, 20, 21, 18], "skinIndices": [1, 1, 1, 1, 1, 1, 1, 1, 1, 1, 1, 1, 1, 1, 1, 1, 1, 1, 1, 1, 1, 1], "skinWeights": [1.0, 1.0, 1.0, 1.0, 1.0, 1.0, 1.0, 1.0, 1.0, 1.0, 1.0, 1.0, 1.0, 1.0, 1.0, 1.0, 1.0, 1.0, 1.0, 1.0, 1.0, 1.0]}]}