{"name": "TAILS3", "bones": [{"name": "dummy bone", "parent": -1, "bindLocal": [-0.087156, 0.0, -0.996195, 1.086834, 0.0, 1.0, 0.0, 0.040516, 0.996195, 0.0, -0.087156, -12.422571, 0.0, 0.0, 0.0, 1.0], "invBind": [-0.087156, -0.0, 0.996195, 12.470024, 0.0, 1.0, -0.0, -0.040518, -0.996195, 0.0, -0.087156, -0.0, 0.0, 0.0, 0.0, 1.0]}, {"name": "Plane06", "parent": -1, "bindLocal": [-0.087156, -0.0, 0.996195, 0.0, 0.0, 1.0, 0.0, 0.0, -0.996195, 0.0, -0.087156, -0.0, 0.0, 0.0, 0.0, 1.0], "invBind": [-0.087156, 0.0, -0.996195, -0.0, -0.0, 1.0, 0.0, -0.0, 0.996195, 0.0, -0.087156, -0.0, 0.0, 0.0, 0.0, 1.0]}], "parts": [{"texture": "cattailso.png", "keyed": true, "influencesPerVertex": 1, "verts": [0.23837, -0.53598, 2.72492, 0.23837, 8.94559, 2.72492, -0.23839, 8.94559, -2.72492, -0.23839, -0.53598, -2.72492, 0.23837, 8.94559, 2.72492, 0.23837, -0.53598, 2.72492, -0.23839, 8.94559, -2.72492, -0.23839, -0.53598, -2.72492, -2.35886, -0.35264, 4e-05, -2.35886, 10.35711, 4e-05, 1.8881, 10.35711, 4e-05, 1.8881, -0.35264, 4e-05, -2.35886, 10.35711, 4e-05, -2.35886, -0.35264, 4e-05, 1.8881, 10.35711, 4e-05, 1.8881, -0.35264, 4e-05], "normals": [-0.9962, -0.0, 0.0871, -0.9962, -0.0, 0.0871, -0.9962, -0.0, 0.0871, -0.9962, -0.0, 0.0871, 0.9962, -0.0, -0.0871, 0.9962, -0.0, -0.0871, 0.9962, -0.0, -0.0871, 0.9962, -0.0, -0.0871, -0.0, -0.0, -1.0, -0.0, -0.0, -1.0, -0.0, -0.0, -1.0, -0.0, -0.0, -1.0, 0.0, -0.0, 1.0, 0.0, -0.0, 1.0, 0.0, -0.0, 1.0, 0.0, -0.0, 1.0], "uvs": [0.76087, 0.4372, 0.76087, 0.0, 0.99517, 0.0, 0.99517, 0.4372, 0.76087, 0.0, 0.76087, 0.4372, 0.99517, 0.0, 0.99517, 0.4372, 0.74638, 1.0, 0.74638, 0.44445, 0.99275, 0.44445, 0.99275, 1.0, 0.74638, 0.44445, 0.74638, 1.0, 0.99275, 0.44445, 0.99275, 1.0], "tris": [0, 1, 2, 2, 3, 0, 4, 5, 6, 7, 6, 5, 8, 9, 10, 10, 11, 8, 12, 13, 14, 15, 14, 13], "skinIndices": [1, 1, 1, 1, 1, 1, 1, 1, 1, 1, 1, 1, 1, 1, 1, 1], "skinWeights": [1.0, 1.0, 1.0, 1.0, 1.0, 1.0, 1.0, 1.0, 1.0, 1.0, 1.0, 1.0, 1.0, 1.0, 1.0, 1.0]}]}