{"name": "BRUSH2", "bones": [{"name": "dummy bone", "parent": -1, "bindLocal": [9.536748, 0.0, -0.0, 0.0, -0.0, 0.0, -5.850765, -1e-06, 0.0, 6.811963, 0.0, 0.0, 0.0, 0.0, 0.0, 1.0], "invBind": [0.104858, -0.0, -0.0, -0.0, -0.0, 0.0, 0.146801, 0.0, -0.0, -0.170918, 0.0, -0.0, 0.0, 0.0, 0.0, 1.0]}, {"name": "Cylinder01", "parent": -1, "bindLocal": [1.0, -0.0, -0.0, 0.0, 0.0, 0.0, 1.0, 0.0, -0.0, -1.0, 0.0, -0.0, 0.0, 0.0, 0.0, 1.0], "invBind": [1.0, 0.0, -0.0, -0.0, -0.0, 0.0, -1.0, -0.0, -0.0, 1.0, 0.0, -0.0, 0.0, 0.0, 0.0, 1.0]}], "parts": [{"texture": "ferno.png", "keyed": true, "influencesPerVertex": 1, "verts": [-11.06043, 7.59922, -0.33557, -9.95013, 6.41843, 4.2249, -7.90108, 9.52093, -0.33557, -7.80965, 7.7469, 4.2249, -4.65124, 9.11108, -0.33557, -5.48412, 7.54964, 4.2249, -2.96003, 7.29588, -0.33557, -4.2714, 6.23882, 4.2249, -1.90158, 4.89123, -0.33557, -3.37066, 4.29694, 4.2249, 0.14716, -2.08389, -0.33557, -1.08535, -2.81094, 4.2249, -9.95013, 6.41843, -4.89604, -7.80965, 7.7469, -4.89604, -5.48412, 7.54964, -4.89604, -4.2714, 6.23882, -4.89604, -3.37066, 4.29694, -4.89604, -1.08535, -2.81094, -4.89604, 0.98821, 3.24849, -9.47813, -3.12058, 3.03842, -9.04816, 0.96528, 4.98513, -7.16107, -3.16111, 4.29946, -7.20657, 0.79594, 6.02581, -4.72684, -3.26667, 5.23973, -5.32545, 0.29326, 4.60049, -2.14674, -3.60881, 3.77786, -3.3138, -0.03474, 2.97834, -0.62904, -3.87617, 2.48111, -2.05119, 0.27472, -2.05469, 0.15042, -3.51644, -2.67608, -1.23902, 4.46425, 1.63516, -7.92062, 4.42404, 2.8962, -6.07903, 4.31816, 3.83647, -4.1982, 4.10295, 2.9796, -2.50049, 3.83559, 1.68285, -1.23788, 4.24936, -2.67608, -0.55937, 4.01655, 10.93994, -4.10691, 1.3847, 9.60012, -7.01462, 2.32503, 9.5724, -2.19536, 0.11355, 8.45882, -5.57768, 1.02748, 7.77904, -0.72857, -0.97224, 7.13497, -4.35033, 0.75572, 6.33251, -0.42117, -1.27542, 5.78108, -4.00795, 0.58732, 4.06839, -0.23121, -1.43597, 3.94109, -3.82652, 0.13146, -2.05763, 0.28436, -2.08977, -2.68994, -3.08744, 7.22335, 9.60012, -1.84928, 5.95188, 8.45882, -0.41235, 4.86608, 7.13497, 0.815, 4.56322, 5.78108, 1.15738, 4.40236, 3.94109, 1.3391, 3.74888, -2.68994, 2.07789, 9.52908, 3.88122, 0.0526, 8.63651, 2.66282, -3.80093, 7.22429, 5.94451, -0.21528, 6.80235, 4.15956, -4.00056, 4.7866, 7.17194, -0.41065, 4.92138, 5.27145, -4.16635, 2.16637, 5.4811, -0.10068, 2.88395, 4.02091, -3.96046, 0.62126, 3.54637, -0.01821, 1.59928, 2.47418, -3.8942, -0.11831, -2.08725, 0.29005, 0.83301, -2.82691, -3.634, 8.37511, 2.89662, 4.03921, 6.54064, 4.39336, 3.83958, 4.65999, 5.50526, 3.67351, 2.94898, 4.02301, 3.85152, 1.664, 2.47649, 3.91806, 1.03691, -2.82691, 4.15893, 2.63418, 3.24849, 9.15819, 6.2827, 3.03842, 7.22019, 1.78779, 4.98513, 7.00123, 5.63047, 4.29946, 5.49747, 1.03283, 6.02581, 4.68075, 5.0238, 5.23973, 3.71417, 0.53234, 4.60049, 2.10036, 4.58741, 3.77786, 1.72044, 0.26781, 2.97834, 0.57015, 4.36246, 2.48111, 0.44958, -0.31122, -2.05469, -0.03641, 3.72437, -2.67608, -0.16864, -1.17206, 1.63516, 9.01628, -1.8246, 2.8962, 7.29356, -2.43128, 3.83647, 5.50998, -2.86735, 2.9796, 3.8555, -3.09262, 1.68285, 2.58464, -3.73039, -2.67608, 2.1106, -9.95013, 6.41843, 4.2249, -11.06043, 7.59922, -0.33557, -7.90108, 9.52093, -0.33557, -7.80965, 7.7469, 4.2249, -4.65124, 9.11108, -0.33557, -5.48412, 7.54964, 4.2249, -2.96003, 7.29588, -0.33557, -4.2714, 6.23882, 4.2249, -1.90158, 4.89123, -0.33557, -3.37066, 4.29694, 4.2249, 0.14716, -2.08389, -0.33557, -1.08535, -2.81094, 4.2249, -9.95013, 6.41843, -4.89604, -7.80965, 7.7469, -4.89604, -5.48412, 7.54964, -4.89604, -4.2714, 6.23882, -4.89604, -3.37066, 4.29694, -4.89604, -1.08535, -2.81094, -4.89604, -3.12058, 3.03842, -9.04816, 0.98821, 3.24849, -9.47813, 0.96528, 4.98513, -7.16107, -3.16111, 4.29946, -7.20657, 0.79594, 6.02581, -4.72684, -3.26667, 5.23973, -5.32545, 0.29326, 4.60049, -2.14674, -3.60881, 3.77786, -3.3138, -0.03474, 2.97834, -0.62904, -3.87617, 2.48111, -2.05119, 0.27472, -2.05469, 0.15042, -3.51644, -2.67608, -1.23902, 4.46425, 1.63516, -7.92062, 4.42404, 2.8962, -6.07903, 4.31816, 3.83647, -4.1982, 4.10295, 2.9796, -2.50049, 3.83559, 1.68285, -1.23788, 4.24936, -2.67608, -0.55937, 1.3847, 9.60012, -7.01462, 4.01655, 10.93994, -4.10691, 2.32503, 9.5724, -2.19536, 0.11355, 8.45882, -5.57768, 1.02748, 7.77904, -0.72857, -0.97224, 7.13497, -4.35033, 0.75572, 6.33251, -0.42117, -1.27542, 5.78108, -4.00795, 0.58732, 4.06839, -0.23121, -1.43597, 3.94109, -3.82652, 0.13146, -2.05763, 0.28436, -2.08977, -2.68994, -3.08744, 7.22335, 9.60012, -1.84928, 5.95188, 8.45882, -0.41235, 4.86608, 7.13497, 0.815, 4.56322, 5.78108, 1.15738, 4.40236, 3.94109, 1.3391, 3.74888, -2.68994, 2.07789, 8.63651, 2.66282, -3.80093, 9.52908, 3.88122, 0.0526, 7.22429, 5.94451, -0.21528, 6.80235, 4.15956, -4.00056, 4.7866, 7.17194, -0.41065, 4.92138, 5.27145, -4.16635, 2.16637, 5.4811, -0.10068, 2.88395, 4.02091, -3.96046, 0.62126, 3.54637, -0.01821, 1.59928, 2.47418, -3.8942, -0.11831, -2.08725, 0.29005, 0.83301, -2.82691, -3.634, 8.37511, 2.89662, 4.03921, 6.54064, 4.39336, 3.83958, 4.65999, 5.50526, 3.67351, 2.94898, 4.02301, 3.85152, 1.664, 2.47649, 3.91806, 1.03691, -2.82691, 4.15893, 6.2827, 3.03842, 7.22019, 2.63418, 3.24849, 9.15819, 1.78779, 4.98513, 7.00123, 5.63047, 4.29946, 5.49747, 1.03283, 6.02581, 4.68075, 5.0238, 5.23973, 3.71417, 0.53234, 4.60049, 2.10036, 4.58741, 3.77786, 1.72044, 0.26781, 2.97834, 0.57015, 4.36246, 2.48111, 0.44958, -0.31122, -2.05469, -0.03641, 3.72437, -2.67608, -0.16864, -1.17206, 1.63516, 9.01628, -1.8246, 2.8962, 7.29356, -2.43128, 3.83647, 5.50998, -2.86735, 2.9796, 3.8555, -3.09262, 1.68285, 2.58464, -3.73039, -2.67608, 2.1106],