{"name": "DEBRIS/TIKKI_debris2", "bones": [{"name": "dummy bone", "parent": -1, "bindLocal": [0.393701, -0.0, -0.0, 0.059996, -0.0, 0.0, -0.393701, 0.0, -0.0, 0.27922, 0.0, -4.099592, 0.0, 0.0, 0.0, 1.0], "invBind": [2.54, -0.0, 0.0, -0.152389, 0.0, 0.0, 3.5814, 14.682278, -0.0, -2.54, 0.0, 1e-06, 0.0, 0.0, 0.0, 1.0]}, {"name": "Mesh02", "parent": -1, "bindLocal": [1.0, -0.0, 0.0, 0.0, -0.0, 0.0, 1.0, 0.0, -0.0, -1.0, 0.0, -0.0, 0.0, 0.0, 0.0, 1.0], "invBind": [1.0, -0.0, -0.0, -0.0, -0.0, 0.0, -1.0, -0.0, 0.0, 1.0, 0.0, -0.0, 0.0, 0.0, 0.0, 1.0]}], "parts": [{"texture": "tikki2o.jpg", "keyed": false, "influencesPerVertex": 1, "verts": [2.39137, -3.68144, 0.63625, 1.82181, -3.75196, -1.06119, 2.38862, -2.68358, -1.40581, 3.16885, -2.16754, 0.7542, 0.25448, -3.79581, -1.96354, 0.29394, -2.90034, -2.57361, -1.38718, -3.87016, -1.48313, -1.85402, -2.82747, -1.95045, -2.1469, -3.90845, 0.06351, -2.83118, -2.47707, 0.09645, -2.1469, -3.90845, 0.06351, -1.55592, -3.82175, 1.7259, -2.03804, -1.95152, 2.28281, -2.83118, -2.47707, 0.09645, 0.02542, -3.7196, 2.57472, 0.06176, -1.63249, 3.42326, 1.65307, -3.6681, 2.14784, 2.20469, -1.73155, 2.80001, 2.39137, -3.68144, 0.63625, 3.16885, -2.16754, 0.7542, 2.07779, 4.09269, -1.15142, 2.81481, 4.1726, 0.61557, 0.24625, 4.04896, -1.93746, -1.54841, 3.96275, -1.33251, -2.31344, 3.91088, 0.42331, -1.62092, 4.00536, 2.2937, -2.31344, 3.91088, 0.42331, 0.16348, 4.12418, 3.37869, 2.00538, 4.18594, 2.47479, 2.81481, 4.1726, 0.61557, 1.65307, -3.6681, 2.14784, 0.02542, -3.7196, 2.57472, -1.55592, -3.82175, 1.7259, -2.1469, -3.90845, 0.06351, -1.38718, -3.87016, -1.48313, 0.25448, -3.79581, -1.96354, 1.82181, -3.75196, -1.06119, 2.39137, -3.68144, 0.63625, 0.24625, 4.04896, -1.93746, -1.54841, 3.96275, -1.33251, -2.31344, 3.91088, 0.42331, -1.62092, 4.00536, 2.2937, 0.16348, 4.12418, 3.37869, 2.00538, 4.18594, 2.47479, 2.81481, 4.1726, 0.61557, 2.07779, 4.09269, -1.15142], "normals": [0.7864, -0.6174, -0.0201, 0.5292, -0.6601, -0.5331, 0.7234, -0.2996, -0.622, 0.9616, -0.2694, 0.0523, -0.0131, -0.6721, -0.7403, 0.0924, -0.3082, -0.9468, -0.6025, -0.6192, -0.5035, -0.6424, -0.3045, -0.7033, -0.8454, -0.5238, 0.1052, -0.9654, -0.2607, -0.0117, -0.8454, -0.5238, 0.1052, -0.5714, -0.4759, 0.6686, -0.7227, -0.2347, 0.6501, -0.9654, -0.2607, -0.0117, 0.0185, -0.4988, 0.8665, -0.0594, -0.2436, 0.9681, 0.6041, -0.5523, 0.5745, 0.6309, -0.236, 0.7391, 0.7864, -0.6174, -0.0201, 0.9616, -0.2694, 0.0523, 0.803, 0.0763, -0.5911, 0.9851, 0.0787, 0.1532, 0.1959, 0.1105, -0.9744, -0.5451, 0.1326, -0.8278, -0.9776, 0.1158, -0.1757, -0.8417, 0.0784, 0.5342, -0.9776, 0.1158, -0.1757, -0.208, 0.0259, 0.9778, 0.5869, 0.0576, 0.8076, 0.9851, 0.0787, 0.1532, 0.0298, -0.9993, 0.0231, 0.0301, -0.9991, 0.0292, 0.0376, -0.9991, 0.0189, 0.0643, -0.9978, 0.0141, 0.0389, -0.9992, 0.004, 0.028, -0.9995, -0.0141, 0.028, -0.9996, 0.0095, 0.0281, -0.9994, 0.02, -0.0239, 0.9997, -0.0071, -0.0316, 0.9995, 0.0071, -0.034, 0.9994, -0.009, -0.0329, 0.9992, -0.0236, -0.0339, 0.9992, -0.0216, -0.0334, 0.9993, -0.0196, -0.0272, 0.9995, -0.0174, -0.0039, 0.9995, -0.0305], "uvs": [0.64128, 0.52452, 0.70441, 0.52452, 0.68203, 0.48372, 0.59841, 0.46754, 0.7744, 0.52452, 0.7744, 0.49043, 0.84342, 0.52452, 0.8658, 0.48372, 0.90752, 0.52452, 0.9504, 0.46754, 0.62478, 0.5316, 0.69887, 0.5316, 0.67415, 0.45962, 0.57635, 0.47554, 0.77513, 0.5316, 0.77513, 0.45302, 0.85241, 0.5316, 0.87714, 0.45962, 0.92548, 0.5316, 0.97391, 0.47554, 0.69538, 0.22431, 0.62398, 0.22431, 0.7744, 0.22431, 0.85245, 0.22431, 0.92483, 0.22431, 0.68889, 0.23627, 0.60523, 0.23627, 0.77513, 0.23627, 0.86239, 0.23627, 0.94503, 0.23627, 0.7868, 0.51689, 0.74561, 0.52726, 0.70561, 0.50665, 0.69066, 0.46628, 0.70988, 0.42872, 0.75141, 0.41704, 0.79106, 0.43896, 0.80547, 0.48019, 0.7512, 0.41768, 0.7058, 0.43237, 0.68645, 0.47501, 0.70397, 0.52044, 0.74911, 0.54679, 0.79571, 0.52484, 0.81618, 0.47968, 0.79754, 0.43677], "tris": [0, 1, 2, 2, 3, 0, 1, 4, 5, 5, 2, 1, 4, 6, 7, 7, 5, 4, 6, 8, 9, 9, 7, 6, 10, 11, 12, 12, 13, 10, 11, 14, 15, 15, 12, 11, 14, 16, 17, 17, 15, 14, 16, 18, 19, 19, 17, 16, 3, 2, 20, 20, 21, 3, 2, 5, 22, 22, 20, 2, 5, 7, 23, 23, 22, 5, 7, 9, 24, 24, 23, 7, 13, 12, 25, 25, 26, 13, 12, 15, 27, 27, 25, 12, 15, 17, 28, 28, 27, 15, 17, 19, 29, 29, 28, 17, 30, 31, 32, 32, 33, 34, 34, 35, 36, 32, 34, 36, 30, 32, 36, 37, 30, 36, 38, 39, 40, 40, 41, 42, 42, 43, 44, 40, 42, 44, 38, 40, 44, 45, 38, 44], "skinIndices": [1, 1, 1, 1, 1, 1, 1, 1, 1, 1, 1, 1, 1, 1, 1, 1, 1, 1, 1, 1, 1, 1, 1, 1, 1, 1, 1, 1, 1, 1, 1, 1, 1, 1, 1, 1, 1, 1, 1, 1, 1, 1, 1, 1, 1, 1], "skinWeights": [1.0, 1.0, 1.0, 1.0, 1.0, 1.0, 1.0, 1.0, 1.0, 1.0, 1.0, 1.0, 1.0, 1.0, 1.0, 1.0, 1.0, 1.0, 1.0, 1.0, 1.0, 1.0, 1.0, 1.0, 1.0, 1.0, 1.0, 1.0, 1.0, 1.0, 1.0, 1.0, 1.0, 1.0, 1.0, 1.0, 1.0, 1.0, 1.0, 1.0, 1.0, 1.0, 1.0, 1.0, 1.0, 1.0]}]}