{"name": "DEBRIS/PALM2_debris2", "bones": [{"name": "dummy bone", "parent": -1, "bindLocal": [4.524074, -0.0, -0.0, 0.0, -0.0, 0.0, -4.524074, 4e-06, -0.0, 3.231481, 0.0, -68.555907, 0.0, 0.0, 0.0, 1.0], "invBind": [0.22104, -0.0, 0.0, -0.0, 0.0, 0.0, 0.309456, 21.21501, -0.0, -0.22104, 0.0, 2e-06, 0.0, 0.0, 0.0, 1.0]}, {"name": "Mesh02", "parent": -1, "bindLocal": [1.0, -0.0, 0.0, 0.0, -0.0, 0.0, 1.0, 0.0, -0.0, -1.0, 0.0, -0.0, 0.0, 0.0, 0.0, 1.0], "invBind": [1.0, -0.0, -0.0, -0.0, -0.0, 0.0, -1.0, -0.0, 0.0, 1.0, 0.0, -0.0, 0.0, 0.0, 0.0, 1.0]}], "parts": [{"texture": "palmo.png", "keyed": false, "influencesPerVertex": 1, "verts": [2.74889, -8.8269, 4e-05, 2.38061, -8.8269, -1.37442, 2.28908, -0.9578, -1.32157, 2.64319, -0.9578, 4e-05, 1.37442, -8.8269, -2.38061, 1.32157, -0.9578, -2.28908, -4e-05, -8.8269, -2.74889, -4e-05, -0.9578, -2.64319, -4e-05, -8.8269, -2.74889, -1.37442, -8.8269, -2.38061, -1.32157, -0.9578, -2.28908, -4e-05, -0.9578, -2.64319, -2.38061, -8.8269, -1.37442, -2.28908, -0.9578, -1.32157, -2.74889, -8.8269, 4e-05, -2.64319, -0.9578, 4e-05, -2.38061, -8.8269, 1.37442, -2.28908, -0.9578, 1.32157, -1.37442, -8.8269, 2.38061, -1.32157, -0.9578, 2.28908, 4e-05, -8.8269, 2.74889, 4e-05, -0.9578, 2.64318, 1.37442, -8.8269, 2.38061, 1.32157, -0.9578, 2.28908, 2.38061, -8.8269, 1.37442, 2.28908, -0.9578, 1.32157, 2.28908, 6.91153, -1.32157, 2.64319, 6.91153, 4e-05, 1.32157, 6.91153, -2.28908, -4e-05, 6.91153, -2.64319, -4e-05, -0.9578, -2.64319, -1.32157, 6.91153, -2.28908, -4e-05, 6.91153, -2.64319, -2.28908, 6.91153, -1.32157, -2.64319, 6.91153, 4e-05, -2.28908, 6.91153, 1.32157, -1.32157, 6.91153, 2.28908, 4e-05, 6.91153, 2.64318, 1.32157, 6.91153, 2.28908, 2.28908, 6.91153, 1.32157, 2.38061, -8.8269, 1.37442, 1.37442, -8.8269, 2.38061, 4e-05, -8.8269, 2.74889, -1.37442, -8.8269, 2.38061, -2.38061, -8.8269, 1.37442, -2.74889, -8.8269, 4e-05, -2.38061, -8.8269, -1.37442, -1.37442, -8.8269, -2.38061, -4e-05, -8.8269, -2.74889, 1.37442, -8.8269, -2.38061, 2.38061, -8.8269, -1.37442, 2.74889, -8.8269, 4e-05, 1.32157, 6.91153, -2.28908, -4e-05, 6.91153, -2.64319, -1.32157, 6.91153, -2.28908, -2.28908, 6.91153, -1.32157, -2.64319, 6.91153, 4e-05, -2.28908, 6.91153, 1.32157, -1.32157, 6.91153, 2.28908, 4e-05, 6.91153, 2.64318, 1.32157, 6.91153, 2.28908, 2.28908, 6.91153, 1.32157, 2.64319, 6.91153, 4e-05, 2.28908, 6.91153, -1.32157], "normals": [0.9959, 0.0187, -0.0889, 0.818, 0.0187, -0.5749, 0.866, 0.0094, -0.5, 1.0, 0.0094, -0.0, 0.4209, 0.0187, -0.9069, 0.5, 0.0094, -0.866, -0.0889, 0.0187, -0.9959, -0.0, 0.0094, -1.0, -0.0889, 0.0187, -0.9959, -0.5749, 0.0187, -0.818, -0.5, 0.0094, -0.866, -0.0, 0.0094, -1.0, -0.9069, 0.0187, -0.4209, -0.866, 0.0094, -0.5, -0.9959, 0.0187, 0.0889, -1.0, 0.0094, 0.0, -0.818, 0.0187, 0.5749, -0.866, 0.0094, 0.5, -0.4209, 0.0187, 0.9069, -0.5, 0.0094, 0.866, 0.0889, 0.0187, 0.9959, 0.0, 0.0094, 1.0, 0.5749, 0.0187, 0.818, 0.5, 0.0094, 0.866, 0.9069, 0.0187, 0.4209, 0.866, 0.0094, 0.5, 0.9071, 0.0, -0.421, 0.996, 0.0, 0.089, 0.5751, 0.0, -0.8181, 0.089, 0.0, -0.996, -0.0, 0.0094, -1.0, -0.421, 0.0, -0.9071, 0.089, 0.0, -0.996, -0.8181, 0.0, -0.5751, -0.996, 0.0, -0.089, -0.9071, 0.0, 0.421, -0.5751, -0.0, 0.8181, -0.089, -0.0, 0.996, 0.421, -0.0, 0.9071, 0.8181, 0.0, 0.5751, 0.0, -1.0, -0.0, 0.0, -1.0, -0.0, 0.0, -1.0, -0.0, 0.0, -1.0, -0.0, 0.0, -1.0, -0.0, 0.0, -1.0, -0.0, 0.0, -1.0, -0.0, 0.0, -1.0, -0.0, 0.0, -1.0, -0.0, 0.0, -1.0, -0.0, 0.0, -1.0, -0.0, 0.0, -1.0, -0.0, 0.0, 1.0, 0.0, 0.0, 1.0, 0.0, 0.0, 1.0, 0.0, 0.0, 1.0, 0.0, 0.0, 1.0, 0.0, 0.0, 1.0, 0.0, 0.0, 1.0, 0.0, 0.0, 1.0, 0.0, 0.0, 1.0, 0.0, 0.0, 1.0, 0.0, 0.0, 1.0, 0.0, 0.0, 1.0, 0.0], "uvs": [0.75, 0.77589, 0.83333, 0.77589, 0.83333, 0.6686, 0.75, 0.6686, 0.91667, 0.77589, 0.91667, 0.6686, 1.0, 0.77589, 1.0, 0.6686, -0.0, 0.77589, 0.08333, 0.77589, 0.08333, 0.6686, 0.0032, 0.6686, 0.16667, 0.77589, 0.16667, 0.6686, 0.25, 0.77589, 0.25, 0.6686, 0.33333, 0.77589, 0.33333, 0.6686, 0.41666, 0.77589, 0.41666, 0.6686, 0.50001, 0.77589, 0.50001, 0.6686, 0.58334, 0.77589, 0.58334, 0.6686, 0.66667, 0.77589, 0.66667, 0.6686, 0.83333, 0.5613, 0.75, 0.5613, 0.91667, 0.5613, 1.0, 0.5613, -0.0, 0.6686, 0.08333, 0.5613, -0.0, 0.5613, 0.16667, 0.5613, 0.25, 0.5613, 0.33333, 0.5613, 0.41666, 0.5613, 0.50001, 0.5613, 0.58334, 0.5613, 0.66667, 0.5613, 0.64456, 0.73864, 0.63961, 0.74359, 0.63285, 0.74541, 0.62609, 0.74359, 0.62115, 0.73864, 0.61933, 0.73188, 0.62115, 0.72512, 0.62609, 0.72018, 0.63285, 0.71836, 0.63961, 0.72018, 0.64456, 0.72512, 0.64637, 0.73188, 0.63935, 0.72063, 0.63285, 0.71888, 0.62635, 0.72063, 0.62159, 0.72538, 0.61985, 0.73188, 0.62159, 0.73839, 0.62635, 0.74314, 0.63285, 0.74489, 0.63935, 0.74314, 0.64411, 0.73839, 0.64585, 0.73188, 0.64411, 0.72538], "tris": [0, 1, 2, 2, 3, 0, 1, 4, 5, 5, 2, 1, 4, 6, 7, 7, 5, 4, 8, 9, 10, 10, 11, 8, 9, 12, 13, 13, 10, 9, 12, 14, 15, 15, 13, 12, 14, 16, 17, 17, 15, 14, 16, 18, 19, 19, 17, 16, 18, 20, 21, 21, 19, 18, 20, 22, 23, 23, 21, 20, 22, 24, 25, 25, 23, 22, 24, 0, 3, 3, 25, 24, 3, 2, 26, 26, 27, 3, 2, 5, 28, 28, 26, 2, 5, 7, 29, 29, 28, 5, 30, 10, 31, 31, 32, 30, 10, 13, 33, 33, 31, 10, 13, 15, 34, 34, 33, 13, 15, 17, 35, 35, 34, 15, 17, 19, 36, 36, 35, 17, 19, 21, 37, 37, 36, 19, 21, 23, 38, 38, 37, 21, 23, 25, 39, 39, 38, 23, 25, 3, 27, 27, 39, 25, 40, 41, 42, 42, 43, 44, 44, 45, 46, 42, 44, 46, 46, 47, 48, 48, 49, 50, 46, 48, 50, 42, 46, 50, 40, 42, 50, 51, 40, 50, 52, 53, 54, 54, 55, 56, 56, 57, 58, 54, 56, 58, 58, 59, 60, 60, 61, 62, 58, 60, 62, 54, 58, 62, 52, 54, 62, 63, 52, 62], "skinIndices": [1, 1, 1, 1, 1, 1, 1, 1, 1, 1, 1, 1, 1, 1, 1, 1, 1, 1, 1, 1, 1, 1, 1, 1, 1, 1, 1, 1, 1, 1, 1, 1, 1, 1, 1, 1, 1, 1, 1, 1, 1, 1, 1, 1, 1, 1, 1, 1, 1, 1, 1, 1, 1, 1, 1, 1, 1, 1, 1, 1, 1, 1, 1, 1], "skinWeights": [1.0, 1.0, 1.0, 1.0, 1.0, 1.0, 1.0, 1.0, 1.0, 1.0, 1.0, 1.0, 1.0, 1.0, 1.0, 1.0, 1.0, 1.0, 1.0, 1.0, 1.0, 1.0, 1.0, 1.0, 1.0, 1.0, 1.0, 1.0, 1.0, 1.0, 1.0, 1.0, 1.0, 1.0, 1.0, 1.0, 1.0, 1.0, 1.0, 1.0, 1.0, 1.0, 1.0, 1.0, 1.0, 1.0, 1.0, 1.0, 1.0, 1.0, 1.0, 1.0, 1.0, 1.0, 1.0, 1.0, 1.0, 1.0, 1.0, 1.0, 1.0, 1.0, 1.0, 1.0]}]}