{"name": "MOUNDBEAM", "bones": [{"name": "dummy bone", "parent": -1, "bindLocal": [1.0, 0.0, -0.0, 0.0, -0.0, 0.0, -1.0, -0.0, 0.0, 1.0, 0.0, 0.0, 0.0, 0.0, 0.0, 1.0], "invBind": [1.0, -0.0, 0.0, 0.0, 0.0, 0.0, 1.0, 0.0, -0.0, -1.0, 0.0, 0.0, 0.0, 0.0, 0.0, 1.0]}, {"name": "WtActorRoot", "parent": -1, "bindLocal": [1.0, -0.0, -0.0, 0.0, 0.0, 0.0, 1.0, 0.0, -0.0, -1.0, 0.0, -0.0, 0.0, 0.0, 0.0, 1.0], "invBind": [1.0, 0.0, -0.0, -0.0, -0.0, 0.0, -1.0, -0.0, 0.0, 1.0, 0.0, -0.0, 0.0, 0.0, 0.0, 1.0]}, {"name": "Mesh01", "parent": 1, "bindLocal": [-1.0, -0.0, -0.0, 0.0, 0.0, -1.0, 0.0, 0.0, -0.0, 0.0, 1.0, 0.0, 0.0, 0.0, 0.0, 1.0], "invBind": [-1.0, -0.0, -0.0, 0.0, -0.0, 0.0, 1.0, -0.0, -0.0, 1.0, -0.0, -0.0, 0.0, 0.0, 0.0, 1.0]}], "parts": [{"texture": "moundo.jpg", "keyed": false, "influencesPerVertex": 1, "verts": [-28.76397, 7.79691, 81.57325, -20.10314, 1.60185, 83.16216, -8.21016, 10.91989, 20.26867, -11.07711, 11.58455, 17.65321, -29.32966, 17.44286, 81.54323, -28.76397, 7.79691, 81.57325, -11.07711, 11.58455, 17.65321, -11.26508, 13.35056, 13.92805, -9.7873, 25.77388, 85.30765, -21.46904, 24.88903, 83.09056, -8.66217, 15.1826, 11.27679, -4.79362, 16.00806, 11.25139, -21.46904, 24.88903, 83.09056, -29.32966, 17.44286, 81.54323, -11.26508, 13.35056, 13.92805, -8.66217, 15.1826, 11.27679, -0.56077, 9.93287, 86.92657, -1.12646, 19.57882, 86.89655, -1.92577, 15.34341, 13.868, -1.7387, 13.57777, 17.59201, -20.10314, 1.60185, 83.16216, -8.4214, 2.4867, 85.37923, -4.3416, 11.74536, 20.24442, -8.21016, 10.91989, 20.26867, -8.4214, 2.4867, 85.37923, -0.56077, 9.93287, 86.92657, -1.7387, 13.57777, 17.59201, -4.3416, 11.74536, 20.24442, -1.12646, 19.57882, 86.89655, -9.7873, 25.77388, 85.30765, -4.79362, 16.00806, 11.25139, -1.92577, 15.34341, 13.868, 28.76397, 7.79691, 81.57325, 8.21016, 10.91989, 20.26867, 20.10314, 1.60185, 83.16216, 11.07711, 11.58455, 17.65321, 29.32967, 17.44286, 81.54323, 11.07711, 11.58455, 17.65321, 28.76397, 7.79691, 81.57325, 11.26508, 13.35056, 13.92805, 9.7873, 25.77388, 85.30765, 8.66218, 15.1826, 11.27679, 21.46904, 24.88903, 83.09056, 4.79362, 16.00806, 11.25139, 21.46904, 24.88903, 83.09056, 11.26508, 13.35056, 13.92805, 29.32967, 17.44286, 81.54323, 8.66218, 15.1826, 11.27679, 0.56077, 9.93287, 86.92657, 1.92577, 15.34341, 13.868, 1.12646, 19.57882, 86.89655, 1.7387, 13.57777, 17.59201, 20.10314, 1.60185, 83.16216, 4.34161, 11.74536, 20.24442, 8.4214, 2.4867, 85.37923, 8.21016, 10.91989, 20.26867, 8.4214, 2.4867, 85.37923, 1.7387, 13.57777, 17.59201, 0.56077, 9.93287, 86.92657, 4.34161, 11.74536, 20.24442, 1.12646, 19.57882, 86.89655, 4.79362, 16.00806, 11.25139, 9.7873, 25.77388, 85.30765, 1.92577, 15.34341, 13.868, -20.10314, 1.60185, 83.16216, -28.76397, 7.79691, 81.57325, -8.21016, 10.91989, 20.26867, -11.07711, 11.58455, 17.65321, -28.76397, 7.79691, 81.57325, -29.32966, 17.44286, 81.54323, -11.07711, 11.58455, 17.65321, -11.26508, 13.35056, 13.92805, -21.46904, 24.88903, 83.09056, -9.7873, 25.77388, 85.30765, -8.66217, 15.1826, 11.27679, -4.79362, 16.00806, 11.25139, -29.32966, 17.44286, 81.54323, -21.46904, 24.88903, 83.09056, -11.26508, 13.35056, 13.92805, -8.66217, 15.1826, 11.27679, -1.12646, 19.57882, 86.89655, -0.56077, 9.93287, 86.92657, -1.92577, 15.34341, 13.868, -1.7387, 13.57777, 17.59201, -8.4214, 2.4867, 85.37923, -20.10314, 1.60185, 83.16216, -4.3416, 11.74536, 20.24442, -8.21016, 10.91989, 20.26867, -0.56077, 9.93287, 86.92657, -8.4214, 2.4867, 85.37923, -1.7387, 13.57777, 17.59201, -4.3416, 11.74536, 20.24442, -9.7873, 25.77388, 85.30765, -1.12646, 19.57882, 86.89655, -4.79362, 16.00806, 11.25139, -1.92577, 15.34341, 13.868, 8.21016, 10.91989, 20.26867, 28.76397, 7.79691, 81.57325, 20.10314, 1.60185, 83.16216, 11.07711, 11.58455, 17.65321, 11.07711, 11.58455, 17.65321, 29.32967, 17.44286, 81.54323, 28.76397, 7.79691, 81.57325, 11.26508, 13.35056, 13.92805, 8.66218, 15.1826, 11.27679, 9.7873, 25.77388, 85.30765, 21.46904, 24.88903, 83.09056, 4.79362, 16.00806, 11.25139, 11.26508, 13.35056, 13.92805, 21.46904, 24.88903, 83.09056, 29.32967, 17.44286, 81.54323, 8.66218, 15.1826, 11.27679, 1.92577, 15.34341, 13.868, 0.56077, 9.93287, 86.92657, 1.12646, 19.57882, 86.89655, 1.7387, 13.57777, 17.59201, 4.34161, 11.74536, 20.24442, 20.10314, 1.60185, 83.16216, 8.4214, 2.4867, 85.37923, 8.21016, 10.91989, 20.26867, 1.7387, 13.57777, 17.59201, 8.4214, 2.4867, 85.37923, 0.56077, 9.93287, 86.92657, 4.34161, 11.74536, 20.24442, 4.79362, 16.00806, 11.25139, 1.12646, 19.57882, 86.89655, 9.7873, 25.77388, 85.30765, 1.92577, 15.34341, 13.868], "normals": [0.6447, 0.7285, 0.2313, 0.0827, 0.983, 0.1637, 0.1664, 0.9747, 0.1494, 0.764, 0.6064, 0.2206, 0.9613, -0.0672, 0.2672, 0.6447, 0.7285, 0.2313, 0.764, 0.6064, 0.2206, 0.8928, -0.3704, 0.2563, -0.1188, -0.985, 0.1249, 0.4925, -0.8462, 0.2033, 0.3353, -0.9256, 0.1757, -0.2327, -0.968, 0.0945, 0.4925, -0.8462, 0.2033, 0.9613, -0.0672, 0.2672, 0.8928, -0.3704, 0.2563, 0.3353, -0.9256, 0.1757, -0.9769, 0.2119, 0.0279, -0.7135, -0.6986, 0.0535, -0.9, -0.4346, 0.034, -0.8254, 0.5616, 0.057, 0.0827, 0.983, 0.1637, -0.4513, 0.8873, 0.0946, -0.2773, 0.9543, 0.1114, 0.1664, 0.9747, 0.1494, -0.4513, 0.8873, 0.0946, -0.9769, 0.2119, 0.0279, -0.8254, 0.5616, 0.057, -0.2773, 0.9543, 0.1114, -0.7135, -0.6986, 0.0535, -0.1188, -0.985, 0.1249, -0.2327, -0.968, 0.0945, -0.9, -0.4346, 0.034, -0.6447, 0.7285, 0.2313, -0.1664, 0.9747, 0.1494, -0.0827, 0.983, 0.1637, -0.764, 0.6064, 0.2206, -0.9613, -0.0672, 0.2672, -0.764, 0.6064, 0.2206, -0.6447, 0.7285, 0.2313, -0.8928, -0.3704, 0.2563, 0.1188, -0.985, 0.1249, -0.3353, -0.9256, 0.1757, -0.4925, -0.8462, 0.2033, 0.2327, -0.968, 0.0945, -0.4925, -0.8462, 0.2033, -0.8928, -0.3704, 0.2563, -0.9613, -0.0672, 0.2672, -0.3353, -0.9256, 0.1757, 0.9769, 0.2119, 0.0279, 0.9, -0.4346, 0.034, 0.7135, -0.6986, 0.0535, 0.8254, 0.5616, 0.057, -0.0827, 0.983, 0.1637, 0.2773, 0.9543, 0.1114, 0.4513, 0.8873, 0.0946, -0.1664, 0.9747, 0.1494, 0.4513, 0.8873, 0.0946, 0.8254, 0.5616, 0.057, 0.9769, 0.2119, 0.0279, 0.2773, 0.9543, 0.1114, 0.7135, -0.6986, 0.0535, 0.2327, -0.968, 0.0945, 0.1188, -0.985, 0.1249, 0.9, -0.4346, 0.034, -0.0827, -0.983, -0.1637, -0.6447, -0.7285, -0.2313, -0.1664, -0.9747, -0.1494, -0.764, -0.6064, -0.2206, -0.6447, -0.7285, -0.2313, -0.9613, 0.0672, -0.2672, -0.764, -0.6064, -0.2206, -0.8928, 0.3704, -0.2563, -0.4925, 0.8462, -0.2033, 0.1188, 0.985, -0.1249, -0.3353, 0.9256, -0.1757, 0.2327, 0.968, -0.0945, -0.9613, 0.0672, -0.2672, -0.4925, 0.8462, -0.2033, -0.8928, 0.3704, -0.2563, -0.3353, 0.9256, -0.1757, 0.7135, 0.6986, -0.0535, 0.9769, -0.2119, -0.0279, 0.9, 0.4346, -0.034, 0.8254, -0.5616, -0.057, 0.4513, -0.8873, -0.0946, -0.0827, -0.983, -0.1637, 0.2773, -0.9543, -0.1114, -0.1664, -0.9747, -0.1494, 0.9769, -0.2119, -0.0279, 0.4513, -0.8873, -0.0946, 0.8254, -0.5616, -0.057, 0.2773, -0.9543, -0.1114, 0.1188, 0.985, -0.1249, 0.7135, 0.6986, -0.0535, 0.2327, 0.968, -0.0945, 0.9, 0.4346, -0.034, 0.1664, -0.9747, -0.1494, 0.6447, -0.7285, -0.2313, 0.0827, -0.983, -0.1637, 0.764, -0.6064, -0.2206, 0.764, -0.6064, -0.2206, 0.9613, 0.0672, -0.2672, 0.6447, -0.7285, -0.2313, 0.8928, 0.3704, -0.2563, 0.3353, 0.9256, -0.1757, -0.1188, 0.985, -0.1249, 0.4925, 0.8462, -0.2033, -0.2327, 0.968, -0.0945, 0.8928, 0.3704, -0.2563, 0.4925, 0.8462, -0.2033, 0.9613, 0.0672, -0.2672, 0.3353, 0.9256, -0.1757, -0.9, 0.4346, -0.034, -0.9769, -0.2119, -0.0279, -0.7135, 0.6986, -0.0535, -0.8254, -0.5616, -0.057, -0.2773, -0.9543, -0.1114, 0.0827, -0.983, -0.1637, -0.4513, -0.8873, -0.0946, 0.1664, -0.9747, -0.1494, -0.8254, -0.5616, -0.057, -0.4513, -0.8873, -0.0946, -0.9769, -0.2119, -0.0279, -0.2773, -0.9543, -0.1114, -0.2327, 0.968, -0.0945, -0.7135, 0.6986, -0.0535, -0.1188, 0.985, -0.1249, -0.9, 0.4346, -0.034],