{"name": "TNT", "bones": [{"name": "dummy bone", "parent": -1, "bindLocal": [0.0, -0.0, -0.027301, -0.0, -0.027301, -0.0, -0.0, -0.0, 0.0, 0.014217, -0.0, 0.0, 0.0, 0.0, 0.0, 1.0], "invBind": [1.3e-05, -36.629223, -6e-06, 0.0, -6e-06, 9e-06, 70.339111, 0.0, -36.629215, -2.3e-05, -1.9e-05, 0.0, 0.0, 0.0, 0.0, 1.0]}, {"name": "barrel", "parent": -1, "bindLocal": [0.0, -1.0, -0.0, -0.0, -0.0, -0.0, 1.0, 0.0, -1.0, -0.0, -0.0, -0.0, 0.0, 0.0, 0.0, 1.0], "invBind": [0.0, -0.0, -1.0, -0.0, -1.0, -0.0, -0.0, 0.0, -0.0, 1.0, -0.0, -0.0, 0.0, 0.0, 0.0, 1.0]}], "parts": [{"texture": "barrelo.jpg", "keyed": false, "influencesPerVertex": 1, "verts": [1.88035, -0.02431, -0.54549, 1.88035, -0.02431, 0.54549, 1.16213, -0.02431, 1.42809, -4e-05, -0.02431, 1.76525, -1.16213, -0.02431, 1.42809, -1.88035, -0.02431, 0.54549, -1.88035, -0.02431, -0.54549, -1.16213, -0.02431, -1.42809, 4e-05, -0.02431, -1.76525, 1.16213, -0.02431, -1.42809, 4e-05, -0.02431, -1.76525, -1.16213, -0.02431, -1.42809, -1.44101, 1.09805, -1.98334, 4e-05, 1.09795, -2.45159, 4e-05, -0.02431, -1.76525, -1.88035, -0.02431, -0.54549, -2.3316, 1.09805, -0.75761, -1.88035, -0.02431, 0.54549, -2.3316, 1.09805, 0.75761, -1.16213, -0.02431, 1.42809, -1.44101, 1.09805, 1.98334, -4e-05, -0.02431, 1.76525, -4e-05, 1.09805, 2.45159, -4e-05, -0.02431, 1.76525, 1.16213, -0.02431, 1.42809, 1.44101, 1.09805, 1.98334, -4e-05, 1.09805, 2.45159, 1.88035, -0.02431, 0.54549, 2.3316, 1.09805, 0.75761, 1.88035, -0.02431, -0.54549, 2.3316, 1.09795, -0.75761, 1.16213, -0.02431, -1.42809, 1.44101, 1.09795, -1.98334, 4e-05, -0.02431, -1.76525, 4e-05, 1.09795, -2.45159, -1.64275, 2.54285, -2.26105, 4e-05, 2.54275, -2.79481, -2.65802, 2.54285, -0.86362, -2.65802, 2.54285, 0.86363, -1.64275, 2.54285, 2.26105, -4e-05, 2.54285, 2.79481, 1.64275, 2.54285, 2.26105, -4e-05, 2.54285, 2.79481, 2.65802, 2.54275, 0.86363, 2.65802, 2.54275, -0.86362, 1.64275, 2.54275, -2.26105, 4e-05, 2.54275, -2.79481, -1.64275, 3.98755, -2.26105, 4e-05, 3.98755, -2.79481, -2.65802, 3.98765, -0.86362, -2.65802, 3.98765, 0.86363, -1.64275, 3.98765, 2.26105, -4e-05, 3.98765, 2.79481, 1.64275, 3.98755, 2.26105, -4e-05, 3.98765, 2.79481, 2.65802, 3.98755, 0.86363, 2.65802, 3.98755, -0.86362, 1.64275, 3.98755, -2.26105, 4e-05, 3.98755, -2.79481, -1.44101, 5.43236, -1.98334, 4e-05, 5.43236, -2.45159, -2.3316, 5.43236, -0.75761, -2.3316, 5.43246, 0.75761, -1.44101, 5.43246, 1.98334, -4e-05, 5.43246, 2.45159, 1.44101, 5.43236, 1.98334, -4e-05, 5.43246, 2.45159, 2.3316, 5.43236, 0.75761, 2.3316, 5.43236, -0.75761, 1.44101, 5.43236, -1.98334, 4e-05, 5.43236, -2.45159, -1.16213, 6.55471, -1.42809, 4e-05, 6.55471, -1.76525, -1.88035, 6.55471, -0.54549, -1.88035, 6.55471, 0.54549, -1.16213, 6.55471, 1.42809, -4e-05, 6.55471, 1.76525, 1.16213, 6.55471, 1.42809, -4e-05, 6.55471, 1.76525, 1.88035, 6.55471, 0.54549, 1.88035, 6.55471, -0.54549, 1.16213, 6.55471, -1.42809, 4e-05, 6.55471, -1.76525, 4e-05, 6.55471, -1.76525, -1.16213, 6.55471, -1.42809, -1.88035, 6.55471, -0.54549, -1.88035, 6.55471, 0.54549, -1.16213, 6.55471, 1.42809, -4e-05, 6.55471, 1.76525, 1.16213, 6.55471, 1.42809, 1.88035, 6.55471, 0.54549, 1.88035, 6.55471, -0.54549, 1.16213, 6.55471, -1.42809], "normals": [0.3643, -0.9161, -0.1673, 0.6008, -0.7881, 0.1339, 0.2154, -0.9449, 0.2465, 0.0569, -0.8554, 0.5148, -0.1473, -0.9517, 0.2693, -0.5379, -0.806, 0.2469, -0.4076, -0.9086, -0.0909, -0.3727, -0.8241, -0.4266, -0.0286, -0.9655, -0.259, 0.2551, -0.8469, -0.4666, -0.0286, -0.9655, -0.259, -0.3727, -0.8241, -0.4266, -0.4846, -0.589, -0.6467, -0.0161, -0.6003, -0.7996, -0.0286, -0.9655, -0.259, -0.4076, -0.9086, -0.0909, -0.7971, -0.5478, -0.2543, -0.5379, -0.806, 0.2469, -0.8028, -0.5333, 0.2666, -0.1473, -0.9517, 0.2693, -0.4722, -0.5699, 0.6725, 0.0569, -0.8554, 0.5148, 0.0161, -0.6003, 0.7996, 0.0569, -0.8554, 0.5148, 0.2154, -0.9449, 0.2465, 0.4846, -0.589, 0.6467, 0.0161, -0.6003, 0.7996, 0.6008, -0.7881, 0.1339, 0.7971, -0.5478, 0.2543, 0.3643, -0.9161, -0.1673, 0.8028, -0.5333, -0.2666, 0.2551, -0.8469, -0.4666, 0.4722, -0.5699, -0.6725, -0.0286, -0.9655, -0.259, -0.0161, -0.6003, -0.7996, -0.5779, -0.2132, -0.7877, -0.0046, -0.2132, -0.977, -0.9306, -0.2132, -0.2976, -0.9278, -0.2132, 0.3063, -0.5706, -0.2132, 0.7931, 0.0046, -0.2132, 0.977, 0.5779, -0.2132, 0.7877, 0.0046, -0.2132, 0.977, 0.9306, -0.2132, 0.2976, 0.9278, -0.2132, -0.3063, 0.5706, -0.2132, -0.7931, -0.0046, -0.2132, -0.977, -0.5706, 0.2132, -0.7931, 0.0046, 0.2132, -0.977, -0.9278, 0.2132, -0.3063, -0.9306, 0.2132, 0.2976, -0.5779, 0.2132, 0.7877, -0.0046, 0.2132, 0.977, 0.5706, 0.2132, 0.7931, -0.0046, 0.2132, 0.977, 0.9278, 0.2132, 0.3063, 0.9306, 0.2132, -0.2976, 0.5779, 0.2132, -0.7877, 0.0046, 0.2132, -0.977, -0.4722, 0.5699, -0.6725, 0.0161, 0.6003, -0.7996, -0.8028, 0.5333, -0.2666, -0.7971, 0.5478, 0.2543, -0.4846, 0.589, 0.6467, -0.0161, 0.6003, 0.7996, 0.4722, 0.5699, 0.6725, -0.0161, 0.6003, 0.7996, 0.8028, 0.5333, 0.2666, 0.7971, 0.5478, -0.2543, 0.4846, 0.589, -0.6467, 0.0161, 0.6003, -0.7996, -0.2551, 0.8469, -0.4666, 0.0384, 0.9368, -0.3476, -0.3109, 0.9397, -0.1427, -0.6008, 0.7881, 0.1339, -0.2154, 0.9449, 0.2465, -0.0569, 0.8554, 0.5148, 0.1724, 0.9332, 0.3152, -0.0569, 0.8554, 0.5148, 0.5379, 0.806, 0.2469, 0.3022, 0.9509, -0.0674, 0.3727, 0.8241, -0.4266, 0.0384, 0.9368, -0.3476, 0.0384, 0.9368, -0.3476, -0.2551, 0.8469, -0.4666, -0.3109, 0.9397, -0.1427, -0.6008, 0.7881, 0.1339, -0.2154, 0.9449, 0.2465, -0.0569, 0.8554, 0.5148, 0.1724, 0.9332, 0.3152, 0.5379, 0.806, 0.2469, 0.3022, 0.9509, -0.0674, 0.3727, 0.8241, -0.4266], "uvs": [0.82106, 0.9692, 0.67111, 0.9692, 0.54978, 0.79107, 0.50345, 0.50287, 0.54978, 0.21464, 0.67111, 0.03653, 0.82106, 0.03653, 0.94238, 0.21464, 0.98872, 0.50287, 0.94238, 0.79107, 0.1005, 0.98437, 0.14049, 0.98437, 0.11684, 0.82031, 0.06664, 0.82031, 0.09933, 0.98437, 0.19922, 0.98437, 0.1875, 0.82031, 0.26172, 0.98437, 0.27344, 0.82031, 0.32238, 0.98437, 0.34576, 0.82031, 0.36273, 0.98437, 0.39686, 0.82031, 0.10089, 0.98527, 0.14101, 0.98527, 0.11733, 0.8197, 0.06678, 0.8197, 0.19804, 0.98527, 0.18921, 0.8197, 0.26191, 0.98527, 0.27435, 0.8197, 0.32208, 0.98527, 0.34576, 0.8197, 0.36165, 0.98527, 0.39576, 0.8197, 0.10132, 0.60938, 0.04534, 0.60938, 0.1836, 0.60938, 0.27734, 0.60938, 0.35921, 0.60938, 0.41582, 0.60938, 0.10263, 0.60658, 0.04561, 0.60658, 0.18374, 0.60656, 0.27862, 0.60656, 0.36046, 0.60658, 0.41693, 0.60658, 0.10132, 0.39062, 0.04534, 0.39062, 0.1836, 0.39062, 0.27734, 0.39062, 0.35921, 0.39062, 0.41582, 0.39062, 0.10263, 0.39344, 0.04561, 0.39344, 0.18374, 0.39344, 0.27862, 0.39344, 0.36046, 0.39344, 0.41693, 0.39344, 0.11684, 0.17969, 0.06664, 0.17969, 0.1875, 0.17969, 0.27344, 0.17969, 0.34693, 0.17969, 0.39686, 0.17969, 0.11733, 0.1803, 0.06678, 0.1803, 0.18921, 0.1803, 0.27435, 0.1803, 0.34576, 0.1803, 0.39576, 0.1803, 0.14049, 0.01563, 0.09933, 0.01563, 0.19922, 0.01563, 0.26293, 0.01563, 0.32355, 0.01563, 0.36273, 0.01563, 0.13919, 0.01473, 0.09828, 0.01473, 0.19738, 0.01473, 0.26257, 0.01473, 0.3239, 0.01473, 0.36427, 0.01473, 0.98872, 0.50287, 0.94238, 0.21464, 0.82106, 0.03653, 0.67111, 0.03653, 0.54978, 0.21464, 0.50345, 0.50287, 0.54978, 0.79107, 0.67111, 0.9692, 0.82106, 0.9692, 0.94238, 0.79107],