{"name": "DEBRIS/HUT_debris1", "bones": [{"name": "dummy bone", "parent": -1, "bindLocal": [1.0, 0.0, -0.0, 0.0, -0.0, 0.0, -1.0, -0.0, 0.0, 1.0, 0.0, 0.0, 0.0, 0.0, 0.0, 1.0], "invBind": [1.0, -0.0, 0.0, 0.0, 0.0, 0.0, 1.0, 0.0, -0.0, -1.0, 0.0, 0.0, 0.0, 0.0, 0.0, 1.0]}, {"name": "WtActorRoot", "parent": -1, "bindLocal": [1.0, -0.0, -0.0, 0.0, 0.0, 0.0, 1.0, 0.0, -0.0, -1.0, 0.0, -0.0, 0.0, 0.0, 0.0, 1.0], "invBind": [1.0, 0.0, -0.0, -0.0, -0.0, 0.0, -1.0, -0.0, -0.0, 1.0, 0.0, -0.0, 0.0, 0.0, 0.0, 1.0]}, {"name": "hut01", "parent": 1, "bindLocal": [1.0, 0.0, 0.0, -0.0, 0.0, 1.0, 0.0, 0.0, -0.0, -0.0, 1.0, 13.0, 0.0, 0.0, 0.0, 1.0], "invBind": [1.0, 0.0, -0.0, 0.0, -0.0, 0.0, -1.0, 0.0, -0.0, 1.0, 0.0, -13.0, 0.0, 0.0, 0.0, 1.0]}], "parts": [{"texture": "huto.jpg", "keyed": false, "influencesPerVertex": 1, "verts": [-7.72754, 10.44011, 3.19087, -3.21472, 10.44011, 7.70368, -4.50547, 8.55691, 10.81976, -10.84362, 8.55691, 4.48161, 3.16701, 10.44011, 7.70368, 4.45776, 8.55691, 10.81976, 7.67983, 10.44011, 3.19087, 10.79591, 8.55691, 4.48161, 7.67983, 10.44011, 3.19087, 7.67983, 10.44011, -3.19087, 10.79591, 8.55691, -4.48161, 10.79591, 8.55691, 4.48161, 7.67983, 10.44011, -3.19087, 3.16701, 10.44011, -7.70368, 4.45776, 8.55691, -10.81976, 10.79591, 8.55691, -4.48161, -3.21472, 10.44011, -7.70368, -4.50547, 8.55691, -10.81976, -7.72754, 10.44011, -3.19087, -10.84362, 8.55691, -4.48161, -7.72754, 10.44011, -3.19087, -7.72754, 10.44011, 3.19087, -10.84362, 8.55691, 4.48161, -10.84362, 8.55691, -4.48161, -10.84362, 8.55691, 4.48161, -4.50547, 8.55691, 10.81976, -0.02369, 20.16487, 0.00017, 4.45776, 8.55691, 10.81976, 10.79591, 8.55691, 4.48161, 10.79591, 8.55691, -4.48161, 4.45776, 8.55691, -10.81976, -4.50547, 8.55691, -10.81976, -10.84362, 8.55691, -4.48161, -7.72754, 10.44011, -3.19087, -3.21472, 10.44011, -7.70368, 3.16701, 10.44011, -7.70368, 7.67983, 10.44011, -3.19087, 7.67983, 10.44011, 3.19087, 3.16701, 10.44011, 7.70368, -3.21472, 10.44011, 7.70368, -7.72754, 10.44011, 3.19087], "normals": [0.2169, -0.9679, -0.1271, 0.0635, -0.9679, -0.2432, 0.1271, -0.9679, -0.2169, 0.2432, -0.9679, -0.0635, -0.1271, -0.9679, -0.2169, -0.0635, -0.9679, -0.2432, -0.2432, -0.9679, -0.0635, -0.2169, -0.9679, -0.1271, -0.2432, -0.9679, -0.0635, -0.2169, -0.9679, 0.1271, -0.2432, -0.9679, 0.0635, -0.2169, -0.9679, -0.1271, -0.2169, -0.9679, 0.1271, -0.0635, -0.9679, 0.2432, -0.1271, -0.9679, 0.2169, -0.2432, -0.9679, 0.0635, 0.1271, -0.9679, 0.2169, 0.0635, -0.9679, 0.2432, 0.2432, -0.9679, 0.0635, 0.2169, -0.9679, 0.1271, 0.2432, -0.9679, 0.0635, 0.2169, -0.9679, -0.1271, 0.2432, -0.9679, -0.0635, 0.2169, -0.9679, 0.1271, -0.3839, 0.9096, 0.159, -0.159, 0.9096, 0.3838, 0.0, 1.0, 0.0, 0.159, 0.9096, 0.3838, 0.3838, 0.9096, 0.159, 0.3838, 0.9096, -0.159, 0.159, 0.9096, -0.3838, -0.159, 0.9096, -0.3838, -0.3839, 0.9096, -0.159, 0.0, -1.0, -0.0, 0.0, -1.0, -0.0, 0.0, -1.0, -0.0, 0.0, -1.0, -0.0, 0.0, -1.0, -0.0, 0.0, -1.0, -0.0, 0.0, -1.0, -0.0, 0.0, -1.0, -0.0], "uvs": [0.08212, 0.04763, 0.31134, 0.04763, 0.30895, 0.02769, 0.06512, 0.02769, 0.63552, 0.04763, 0.63984, 0.02769, 0.86294, 0.04763, 0.88559, 0.02769, 0.63841, 0.04583, 0.30766, 0.04583, 0.30495, 0.02775, 0.64113, 0.02775, 0.86294, 0.04763, 0.63552, 0.04763, 0.63984, 0.02769, 0.88559, 0.02769, 0.31134, 0.04763, 0.30895, 0.02769, 0.08212, 0.04763, 0.06512, 0.02769, 0.30766, 0.04583, 0.63841, 0.04583, 0.64113, 0.02775, 0.30495, 0.02775, 0.00495, 0.80345, 0.19495, 0.99345, 0.3293, 0.6691, 0.46365, 0.99345, 0.65366, 0.80345, 0.65366, 0.53475, 0.46365, 0.34475, 0.19495, 0.34475, 0.00495, 0.53475, 0.30766, 0.04583, 0.31134, 0.04763, 0.63552, 0.04763, 0.86294, 0.04763, 0.63841, 0.04583, 0.63552, 0.04763, 0.31134, 0.04763, 0.08212, 0.04763], "tris": [0, 1, 2, 2, 3, 0, 1, 4, 5, 5, 2, 1, 4, 6, 7, 7, 5, 4, 8, 9, 10, 10, 11, 8, 12, 13, 14, 14, 15, 12, 13, 16, 17, 17, 14, 13, 16, 18, 19, 19, 17, 16, 20, 21, 22, 22, 23, 20, 24, 25, 26, 25, 27, 26, 27, 28, 26, 28, 29, 26, 29, 30, 26, 30, 31, 26, 31, 32, 26, 32, 24, 26, 33, 34, 35, 35, 36, 37, 37, 38, 39, 35, 37, 39, 33, 35, 39, 40, 33, 39], "skinIndices": [2, 2, 2, 2, 2, 2, 2, 2, 2, 2, 2, 2, 2, 2, 2, 2, 2, 2, 2, 2, 2, 2, 2, 2, 2, 2, 2, 2, 2, 2, 2, 2, 2, 2, 2, 2, 2, 2, 2, 2, 2], "skinWeights": [1.0, 1.0, 1.0, 1.0, 1.0, 1.0, 1.0, 1.0, 1.0, 1.0, 1.0, 1.0, 1.0, 1.0, 1.0, 1.0, 1.0, 1.0, 1.0, 1.0, 1.0, 1.0, 1.0, 1.0, 1.0, 1.0, 1.0, 1.0, 1.0, 1.0, 1.0, 1.0, 1.0, 1.0, 1.0, 1.0, 1.0, 1.0, 1.0, 1.0, 1.0]}]}