{"name": "MAST", "bones": [{"name": "dummy bone", "parent": -1, "bindLocal": [1.0, 0.0, -0.0, 0.0, -0.0, 0.0, -1.0, -0.0, 0.0, 1.0, 0.0, 0.0, 0.0, 0.0, 0.0, 1.0], "invBind": [1.0, -0.0, 0.0, 0.0, 0.0, 0.0, 1.0, 0.0, -0.0, -1.0, 0.0, 0.0, 0.0, 0.0, 0.0, 1.0]}, {"name": "WtActorRoot", "parent": -1, "bindLocal": [1.0, -0.0, -0.0, 0.0, 0.0, 0.0, 1.0, 0.0, -0.0, -1.0, 0.0, -0.0, 0.0, 0.0, 0.0, 1.0], "invBind": [1.0, 0.0, -0.0, -0.0, -0.0, 0.0, -1.0, -0.0, -0.0, 1.0, 0.0, -0.0, 0.0, 0.0, 0.0, 1.0]}, {"name": "Mesh01", "parent": 1, "bindLocal": [1.0, -0.0, 0.0, 0.0, -0.0, 1.0, 0.0, 0.0, 0.0, 0.0, 1.0, 0.0, 0.0, 0.0, 0.0, 1.0], "invBind": [1.0, 0.0, -0.0, -0.0, -0.0, 0.0, -1.0, -0.0, -0.0, 1.0, 0.0, -0.0, 0.0, 0.0, 0.0, 1.0]}], "parts": [{"texture": "boato.jpg", "keyed": false, "influencesPerVertex": 1, "verts": [-0.00032, 11.39551, 8e-05, 0.99978, 11.39551, -1.73208, 1.99988, 11.39551, 8e-05, -1.00042, 11.39551, -1.73208, -2.00052, 11.39551, 8e-05, -1.00042, 11.39551, 1.73208, 0.99978, 11.39551, 1.73208, 1.99988, 11.39551, 8e-05, 0.7409, 91.90252, -1.28302, 1.4809, 91.90252, 8e-05, 0.99978, 11.39551, -1.73208, -0.74032, 91.90252, -1.28302, -1.00042, 11.39551, -1.73208, -1.48154, 91.90252, 8e-05, -2.00052, 11.39551, 8e-05, -0.74032, 91.90252, 1.28302, -1.00042, 11.39551, 1.73208, 0.7409, 91.90252, 1.28302, 0.99978, 11.39551, 1.73208, 4.07456, 91.90598, 8e-05, 2.88031, 98.66779, -4.98799, 5.75971, 98.66779, 8e-05, 2.03651, 91.90598, -3.52832, -2.87972, 98.66779, -4.98799, -2.03715, 91.90598, -3.52832, -5.75913, 98.66779, 8e-05, -4.07398, 91.90598, 8e-05, -2.87972, 98.66779, 4.988, -2.03715, 91.90598, 3.52832, 2.88031, 98.66779, 4.988, 2.03651, 91.90598, 3.52832, 1.10846, 98.70929, 8e-05, 0.55407, 98.70929, -0.95969, -0.00032, 124.72928, 8e-05, -0.55349, 98.70929, -0.95969, -1.10788, 98.70929, 8e-05, -0.55349, 98.70929, 0.9597, 0.55407, 98.70929, 0.9597, 1.4809, 91.90252, 8e-05, 0.7409, 91.90252, -1.28302, 2.03651, 91.90598, -3.52832, 2.03651, 91.90598, -3.52832, 4.07456, 91.90598, 8e-05, 1.4809, 91.90252, 8e-05, 0.7409, 91.90252, -1.28302, -0.74032, 91.90252, -1.28302, -2.03715, 91.90598, -3.52832, 2.03651, 91.90598, -3.52832, -0.74032, 91.90252, -1.28302, -1.48154, 91.90252, 8e-05, -4.07398, 91.90598, 8e-05, -4.07398, 91.90598, 8e-05, -2.03715, 91.90598, -3.52832, -0.74032, 91.90252, -1.28302, -1.48154, 91.90252, 8e-05, -0.74032, 91.90252, 1.28302, -2.03715, 91.90598, 3.52832, -4.07398, 91.90598, 8e-05, -0.74032, 91.90252, 1.28302, 0.7409, 91.90252, 1.28302, 2.03651, 91.90598, 3.52832, 2.03651, 91.90598, 3.52832, -2.03715, 91.90598, 3.52832, -0.74032, 91.90252, 1.28302, 0.7409, 91.90252, 1.28302, 1.4809, 91.90252, 8e-05, 4.07456, 91.90598, 8e-05, 4.07456, 91.90598, 8e-05, 2.03651, 91.90598, 3.52832, 0.7409, 91.90252, 1.28302, 0.55407, 98.70929, -0.95969, 1.10846, 98.70929, 8e-05, 5.75971, 98.66779, 8e-05, 5.75971, 98.66779, 8e-05, 2.88031, 98.66779, -4.98799, 0.55407, 98.70929, -0.95969, -0.55349, 98.70929, -0.95969, 0.55407, 98.70929, -0.95969, 2.88031, 98.66779, -4.98799, 2.88031, 98.66779, -4.98799, -2.87972, 98.66779, -4.98799, -0.55349, 98.70929, -0.95969, -1.10788, 98.70929, 8e-05, -0.55349, 98.70929, -0.95969, -2.87972, 98.66779, -4.98799, -2.87972, 98.66779, -4.98799, -5.75913, 98.66779, 8e-05, -1.10788, 98.70929, 8e-05, -0.55349, 98.70929, 0.9597, -1.10788, 98.70929, 8e-05, -5.75913, 98.66779, 8e-05, -5.75913, 98.66779, 8e-05, -2.87972, 98.66779, 4.988, -0.55349, 98.70929, 0.9597, 0.55407, 98.70929, 0.9597, -0.55349, 98.70929, 0.9597, -2.87972, 98.66779, 4.988, -2.87972, 98.66779, 4.988, 2.88031, 98.66779, 4.988, 0.55407, 98.70929, 0.9597, 1.10846, 98.70929, 8e-05, 0.55407, 98.70929, 0.9597, 2.88031, 98.66779, 4.988, 2.88031, 98.66779, 4.988, 5.75971, 98.66779, 8e-05, 1.10846, 98.70929, 8e-05, -40.03357, 88.74989, 0.13738, -27.11532, 88.42131, -0.43254, -27.11532, 88.09274, 0.13738, -27.11532, 89.07847, -0.43254, -27.11532, 89.40878, 0.13738, -27.11532, 89.07847, -0.43254, -27.11532, 89.07847, 0.70731, -27.11532, 88.42131, 0.70731, 27.30884, 88.41959, -0.43376, 27.30884, 88.091, 0.13738, 27.30884, 89.0802, -0.43376, 27.30884, 89.41051, 0.13738, 27.30884, 89.0802, -0.43376, 27.30884, 89.0802, 0.70868, 27.30884, 88.41959, 0.70868, 39.99263, 88.74989, 0.13738], "normals": [0.0, -1.0, -0.0, 0.0, -1.0, -0.0, 0.0, -1.0, -0.0, 0.0, -1.0, -0.0, 0.0, -1.0, -0.0, 0.0, -1.0, -0.0, 0.0, -1.0, -0.0, 0.982, 0.0063, -0.189, 0.6546, 0.0063, -0.7559, 0.982, 0.0063, 0.189, 0.3273, 0.0063, -0.9449, -0.3273, 0.0063, -0.9449, -0.6546, 0.0063, -0.7559, -0.982, 0.0063, -0.189, -0.982, 0.0063, 0.189, -0.6546, 0.0063, 0.7559, -0.3273, 0.0063, 0.9449, 0.3273, 0.0063, 0.9449, 0.6546, 0.0063, 0.7559, 0.9538, -0.2378, -0.1836, 0.6359, -0.2378, -0.7342, 0.9538, -0.2378, 0.1836, 0.318, -0.2378, -0.9178, -0.318, -0.2378, -0.9178, -0.6359, -0.2378, -0.7342, -0.9538, -0.2378, -0.1836, -0.9538, -0.2378, 0.1836, -0.6359, -0.2378, 0.7342, -0.318, -0.2378, 0.9178, 0.318, -0.2378, 0.9178, 0.6359, -0.2378, 0.7342, 0.9991, 0.0426, -0.0, 0.4995, 0.0426, -0.8652, 0.0, 1.0, 0.0, -0.4995, 0.0426, -0.8652, -0.9991, 0.0426, 0.0, -0.4995, 0.0426, 0.8652, 0.4995, 0.0426, 0.8652, 0.0013, -1.0, -0.0007, 0.0013, -1.0, -0.0007, 0.0013, -1.0, -0.0007, 0.0013, -1.0, -0.0007, 0.0013, -1.0, -0.0007, 0.0013, -1.0, -0.0007, 0.0, -1.0, -0.0015, 0.0, -1.0, -0.0015, 0.0, -1.0, -0.0015, 0.0, -1.0, -0.0015, -0.0013, -1.0, -0.0007, -0.0013, -1.0, -0.0007, -0.0013, -1.0, -0.0007, -0.0013, -1.0, -0.0007, -0.0013, -1.0, -0.0007, -0.0013, -1.0, -0.0007, -0.0013, -1.0, 0.0007, -0.0013, -1.0, 0.0007, -0.0013, -1.0, 0.0007, -0.0013, -1.0, 0.0007, 0.0, -1.0, 0.0015, 0.0, -1.0, 0.0015, 0.0, -1.0, 0.0015, 0.0, -1.0, 0.0015, 0.0, -1.0, 0.0015, 0.0, -1.0, 0.0015, 0.0013, -1.0, 0.0007, 0.0013, -1.0, 0.0007, 0.0013, -1.0, 0.0007, 0.0013, -1.0, 0.0007, 0.0013, -1.0, 0.0007, 0.0013, -1.0, 0.0007, 0.0088, 0.9999, -0.0051, 0.0088, 0.9999, -0.0051, 0.0088, 0.9999, -0.0051, 0.0088, 0.9999, -0.0051, 0.0088, 0.9999, -0.0051, 0.0088, 0.9999, -0.0051, 0.0, 0.9999, -0.0102, 0.0, 0.9999, -0.0102, 0.0, 0.9999, -0.0102, 0.0, 0.9999, -0.0102, 0.0, 0.9999, -0.0102, 0.0, 0.9999, -0.0102, -0.0088, 0.9999, -0.0051, -0.0088, 0.9999, -0.0051, -0.0088, 0.9999, -0.0051, -0.0088, 0.9999, -0.0051, -0.0088, 0.9999, -0.0051, -0.0088, 0.9999, -0.0051, -0.0088, 0.9999, 0.0051, -0.0088, 0.9999, 0.0051, -0.0088, 0.9999, 0.0051, -0.0088, 0.9999, 0.0051, -0.0088, 0.9999, 0.0051, -0.0088, 0.9999, 0.0051, 0.0, 0.9999, 0.0102, 0.0, 0.9999, 0.0102, 0.0, 0.9999, 0.0102, 0.0, 0.9999, 0.0102, 0.0, 0.9999, 0.0102, 0.0, 0.9999, 0.0102, 0.0088, 0.9999, 0.0051, 0.0088, 0.9999, 0.0051, 0.0088, 0.9999, 0.0051, 0.0088, 0.9999, 0.0051, 0.0088, 0.9999, 0.0051, 0.0088, 0.9999, 0.0051, -1.0, 0.0, 0.0, -0.0202, -0.3972, -0.9175, -0.0202, -0.9932, -0.1147, -0.0202, 0.5959, -0.8028, -0.0202, 0.9932, 0.1147, -0.0202, 0.5959, -0.8028, -0.0202, 0.3972, 0.9175, -0.0202, -0.5959, 0.8028, 0.0206, -0.5959, -0.8028, 0.0206, -0.9932, 0.1147, 0.0206, 0.3972, -0.9175, 0.0206, 0.9932, -0.1147, 0.0206, 0.3972, -0.9175, 0.0206, 0.5959, 0.8028, 0.0206, -0.3972, 0.9175, 1.0, -0.0, 0.0],