{"name": "DEBRIS/OBELISK_debris3", "bones": [{"name": "dummy bone", "parent": -1, "bindLocal": [0.4, -0.0, -0.0, 0.0, -0.0, 0.0, -0.4, -0.0, 0.0, 0.4, 0.0, -4.0, 0.0, 0.0, 0.0, 1.0], "invBind": [2.5, -0.0, 0.0, 0.0, -0.0, 0.0, 2.5, 10.0, -0.0, -2.5, 0.0, 0.0, 0.0, 0.0, 0.0, 1.0]}, {"name": "obelisk04", "parent": -1, "bindLocal": [1.0, -0.0, 0.0, 0.0, -0.0, 0.0, 1.0, 0.0, -0.0, -1.0, 0.0, -0.0, 0.0, 0.0, 0.0, 1.0], "invBind": [1.0, -0.0, -0.0, -0.0, -0.0, 0.0, -1.0, -0.0, 0.0, 1.0, 0.0, -0.0, 0.0, 0.0, 0.0, 1.0]}], "parts": [{"texture": "obelisko.jpg", "keyed": false, "influencesPerVertex": 1, "verts": [-5.47273, 4.81176, 5.47293, -5.18524, 7.52852, -5.18542, -6.2673, -2.69892, -6.26755, -6.2673, -2.69892, 6.26755, 6.26752, -2.69892, 6.26755, -6.2673, -2.69892, 6.26755, -1.8559, -6.39948, 3.98858, 1.85612, -6.39948, 3.98858, -6.2673, -2.69892, -6.26755, 6.26752, -2.69892, -6.26755, 1.85612, -6.39948, -3.98837, -1.8559, -6.39948, -3.98837, 6.26752, -2.69892, -6.26755, 6.26752, -2.69892, 6.26755, 3.95002, -6.40269, 1.89779, 3.95002, -6.40269, -1.89779, -3.95001, -6.40269, -1.89779, -3.95001, -6.40269, 1.89779, 3.95002, -6.40269, 1.89779, -3.95001, -6.40269, 1.89779, -3.95001, -6.40269, -1.89779, 3.95002, -6.40269, -1.89779, 1.85612, -6.39948, 3.98858, -1.8559, -6.39948, 3.98858, -3.25677, -11.09055, 6.99937, 3.25699, -11.09055, 6.99937, -1.8559, -6.39948, -3.98837, 1.85612, -6.39948, -3.98837, 3.25699, -11.09055, -6.99937, -3.25677, -11.09055, -6.99937, 3.95002, -6.40269, -1.89779, 3.95002, -6.40269, 1.89779, 6.93199, -11.0964, 3.33045, 6.93199, -11.0964, -3.33046, -3.95001, -6.40269, 1.89779, -3.95001, -6.40269, -1.89779, -6.93177, -11.0964, -3.33046, -6.93177, -11.0964, 3.33045, 3.95002, -6.40269, 1.89779, 6.93199, -11.0964, 3.33045, -3.95001, -6.40269, 1.89779, -6.93177, -11.0964, 3.33045, -3.95001, -6.40269, -1.89779, -6.93177, -11.0964, -3.33046, 3.95002, -6.40269, -1.89779, 6.93199, -11.0964, -3.33046, -6.93177, -11.0964, 3.33045, -6.93177, -11.0964, -3.33046, -3.25677, -11.09055, -6.99937, -3.25677, -11.09055, 6.99937, 3.25699, -11.09055, -6.99937, 3.25699, -11.09055, 6.99937, 6.93199, -11.0964, -3.33046, 6.93199, -11.0964, 3.33045, -5.47273, 4.81176, 5.47293, 5.41118, 5.39467, 5.4112, 5.41118, 5.39467, 5.4112, 5.13003, 8.05212, -5.12988, 5.13003, 8.05212, -5.12988, -5.18524, 7.52852, -5.18542, -5.18524, 7.52852, -5.18542, -5.47273, 4.81176, 5.47293, 5.41118, 5.39467, 5.4112, 5.13003, 8.05212, -5.12988], "normals": [-0.6993, 0.148, 0.6993, -0.6993, 0.148, -0.6993, -0.5826, -0.3465, -0.7352, -0.7049, -0.4878, 0.5149, 0.4429, -0.3989, 0.803, -0.7049, -0.4878, 0.5149, -0.1524, -0.6436, 0.75, 0.2302, -0.6943, 0.6819, -0.5826, -0.3465, -0.7352, 0.8015, -0.4003, -0.4442, 0.1524, -0.6436, -0.75, -0.2302, -0.6943, -0.6819, 0.8015, -0.4003, -0.4442, 0.4429, -0.3989, 0.803, 0.7464, -0.6476, 0.1531, 0.6786, -0.6972, -0.2311, -0.7464, -0.6476, -0.1531, -0.6786, -0.6972, 0.2311, 0.7464, -0.6476, 0.1531, -0.6786, -0.6972, 0.2311, -0.7464, -0.6476, -0.1531, 0.6786, -0.6972, -0.2311, 0.2059, 0.5714, 0.7944, -0.4117, 0.5761, 0.7061, -0.2162, -0.5031, 0.8368, 0.4351, -0.501, 0.7481, -0.2059, 0.5714, -0.7945, 0.4117, 0.5761, -0.7061, 0.2162, -0.5031, -0.8367, -0.4351, -0.501, -0.7481, 0.7963, 0.5687, -0.2059, 0.707, 0.5749, 0.4119, 0.9355, 0.2575, 0.2421, 0.8539, -0.1507, -0.4982, -0.7963, 0.5687, 0.2059, -0.707, 0.5749, -0.4119, -0.9355, 0.2575, -0.2421, -0.8539, -0.1507, 0.4982, 0.707, 0.5749, 0.4119, 0.9355, 0.2575, 0.2421, -0.7963, 0.5687, 0.2059, -0.8539, -0.1507, 0.4982, -0.707, 0.5749, -0.4119, -0.9355, 0.2575, -0.2421, 0.7963, 0.5687, -0.2059, 0.8539, -0.1507, -0.4982, -0.8539, -0.1507, 0.4982, -0.9355, 0.2575, -0.2421, -0.4351, -0.501, -0.7481, -0.2162, -0.5031, 0.8368, 0.2162, -0.5031, -0.8367, 0.4351, -0.501, 0.7481, 0.8539, -0.1507, -0.4982, 0.9355, 0.2575, 0.2421, -0.6993, 0.148, 0.6993, 0.8855, 0.1406, 0.4428, 0.8855, 0.1406, 0.4428, 0.4428, 0.1406, -0.8855, 0.4428, 0.1406, -0.8855, -0.6993, 0.148, -0.6993, -0.0505, 0.9681, 0.2454, -0.0505, 0.9681, 0.2454, -0.0505, 0.9681, 0.2454, -0.0505, 0.9681, 0.2454], "uvs": [0.78199, 0.63831, 0.18099, 0.5779, 0.11997, 0.80531, 0.8268, 0.80531, 0.81401, 0.80168, 0.12504, 0.80168, 0.36753, 0.88349, 0.57154, 0.88349, 0.12504, 0.80168, 0.81401, 0.80168, 0.57154, 0.88349, 0.36753, 0.88349, 0.11997, 0.80531, 0.8268, 0.80531, 0.5804, 0.88741, 0.36638, 0.88741, 0.36638, 0.88741, 0.5804, 0.88741, 0.68663, 0.88356, 0.25242, 0.88356, 0.25242, 0.88356, 0.68663, 0.88356, 0.57231, 0.88808, 0.36814, 0.88808, 0.29108, 0.99577, 0.64938, 0.99577, 0.36814, 0.88808, 0.57231, 0.88808, 0.64938, 0.99577, 0.29108, 0.99577, 0.36108, 0.88819, 0.57129, 0.88819, 0.65064, 0.99587, 0.28173, 0.99587, 0.57129, 0.88819, 0.36108, 0.88819, 0.28173, 0.99587, 0.65064, 0.99587, 0.7492, 0.88817, 0.87059, 0.99591, 0.19124, 0.88817, 0.06986, 0.99591, 0.19124, 0.88817, 0.06986, 0.99591, 0.7492, 0.88817, 0.87059, 0.99591, 0.63985, 0.35892, 0.63985, 0.27876, 0.72963, 0.2346, 0.72963, 0.40308, 0.88874, 0.2346, 0.88874, 0.40308, 0.9785, 0.27876, 0.9785, 0.35892, 0.16872, 0.63566, 0.76695, 0.62277, 0.77851, 0.62534, 0.18411, 0.56625, 0.75149, 0.56403, 0.18453, 0.57561, 0.08692, 0.09656, 0.08276, 0.25068, 0.24015, 0.24979, 0.23609, 0.09736], "tris": [0, 1, 2, 2, 3, 0, 4, 5, 6, 6, 7, 4, 8, 9, 10, 10, 11, 8, 12, 13, 14, 14, 15, 12, 3, 2, 16, 16, 17, 3, 4, 7, 18, 5, 19, 6, 8, 11, 20, 9, 21, 10, 22, 23, 24, 24, 25, 22, 26, 27, 28, 28, 29, 26, 30, 31, 32, 32, 33, 30, 34, 35, 36, 36, 37, 34, 38, 22, 25, 25, 39, 38, 23, 40, 41, 41, 24, 23, 42, 26, 29, 29, 43, 42, 27, 44, 45, 45, 28, 27, 46, 47, 48, 48, 49, 46, 49, 48, 50, 50, 51, 49, 51, 50, 52, 52, 53, 51, 54, 5, 4, 4, 55, 54, 56, 13, 12, 12, 57, 56, 58, 9, 8, 8, 59, 58, 60, 61, 62, 62, 63, 60], "skinIndices": [1, 1, 1, 1, 1, 1, 1, 1, 1, 1, 1, 1, 1, 1, 1, 1, 1, 1, 1, 1, 1, 1, 1, 1, 1, 1, 1, 1, 1, 1, 1, 1, 1, 1, 1, 1, 1, 1, 1, 1, 1, 1, 1, 1, 1, 1, 1, 1, 1, 1, 1, 1, 1, 1, 1, 1, 1, 1, 1, 1, 1, 1, 1, 1], "skinWeights": [1.0, 1.0, 1.0, 1.0, 1.0, 1.0, 1.0, 1.0, 1.0, 1.0, 1.0, 1.0, 1.0, 1.0, 1.0, 1.0, 1.0, 1.0, 1.0, 1.0, 1.0, 1.0, 1.0, 1.0, 1.0, 1.0, 1.0, 1.0, 1.0, 1.0, 1.0, 1.0, 1.0, 1.0, 1.0, 1.0, 1.0, 1.0, 1.0, 1.0, 1.0, 1.0, 1.0, 1.0, 1.0, 1.0, 1.0, 1.0, 1.0, 1.0, 1.0, 1.0, 1.0, 1.0, 1.0, 1.0, 1.0, 1.0, 1.0, 1.0, 1.0, 1.0, 1.0, 1.0]}]}