{"name": "OBELISK", "bones": [{"name": "dummy bone", "parent": -1, "bindLocal": [0.4, -0.0, -0.0, 0.0, -0.0, 0.0, -0.4, -0.0, 0.0, 0.4, 0.0, 0.0, 0.0, 0.0, 0.0, 1.0], "invBind": [2.5, -0.0, 0.0, 0.0, -0.0, 0.0, 2.5, 0.0, -0.0, -2.5, 0.0, 0.0, 0.0, 0.0, 0.0, 1.0]}, {"name": "obelisk", "parent": -1, "bindLocal": [1.0, -0.0, 0.0, 0.0, -0.0, 0.0, 1.0, 0.0, -0.0, -1.0, 0.0, -0.0, 0.0, 0.0, 0.0, 1.0], "invBind": [1.0, -0.0, -0.0, -0.0, -0.0, 0.0, -1.0, -0.0, 0.0, 1.0, 0.0, -0.0, 0.0, 0.0, 0.0, 1.0]}], "parts": [{"texture": "obelisk.jpg", "keyed": false, "influencesPerVertex": 1, "verts": [-6.2673, 7.30112, 6.26755, 6.26752, 7.30112, 6.26755, 2.74737, 40.57172, 2.74731, -2.74715, 40.57172, 2.74731, 0.0385, 43.26012, 0.03129, 6.26752, 7.30112, 6.26755, 6.26752, 7.30112, -6.26755, 2.74737, 40.57172, -2.74731, 2.74737, 40.57172, 2.74731, 0.0385, 43.26012, 0.03129, 6.26752, 7.30112, -6.26755, -6.2673, 7.30112, -6.26755, -2.74715, 40.57172, -2.74731, 2.74737, 40.57172, -2.74731, -6.2673, 7.30112, -6.26755, -6.2673, 7.30112, 6.26755, -2.74715, 40.57172, 2.74731, -2.74715, 40.57172, -2.74731, -1.8559, 3.60085, 3.98858, 1.85612, 3.60085, 3.98858, 1.85612, 3.60085, -3.98837, -1.8559, 3.60085, -3.98837, 3.95002, 3.59747, 1.89779, 3.95002, 3.59747, -1.89779, -3.95001, 3.59747, -1.89779, -3.95001, 3.59747, 1.89779, 3.95002, 3.59747, 1.89779, -3.95001, 3.59747, 1.89779, -3.95001, 3.59747, -1.89779, 3.95002, 3.59747, -1.89779, -3.25677, -1.0903, 6.99937, 3.25699, -1.0903, 6.99937, 1.85612, 3.60085, 3.98858, -1.8559, 3.60085, 3.98858, 3.25699, -1.0903, -6.99937, -3.25677, -1.0903, -6.99937, -1.8559, 3.60085, -3.98837, 1.85612, 3.60085, -3.98837, 6.93199, -1.0964, 3.33046, 6.93199, -1.0964, -3.33046, 3.95002, 3.59747, -1.89779, 3.95002, 3.59747, 1.89779, -6.93177, -1.0964, -3.33046, -6.93177, -1.0964, 3.33046, -3.95001, 3.59747, 1.89779, -3.95001, 3.59747, -1.89779, 6.93199, -1.0964, 3.33046, 3.95002, 3.59747, 1.89779, -6.93177, -1.0964, 3.33046, -3.95001, 3.59747, 1.89779, -6.93177, -1.0964, -3.33046, -3.95001, 3.59747, -1.89779, 6.93199, -1.0964, -3.33046, 3.95002, 3.59747, -1.89779, -3.25677, -1.0903, -6.99937, -3.25677, -1.0903, 6.99937, -6.93177, -1.0964, 3.33046, -6.93177, -1.0964, -3.33046, 3.25699, -1.0903, -6.99937, 3.25699, -1.0903, 6.99937, 6.93199, -1.0964, -3.33046, 6.93199, -1.0964, 3.33046], "normals": [-0.6283, -0.4136, 0.6589, 0.6578, -0.4124, 0.6302, 0.4685, 0.4788, 0.7425, -0.7405, 0.4818, 0.4686, 0.0035, 1.0, 0.0028, 0.6578, -0.4124, 0.6302, 0.6283, -0.4136, -0.6589, 0.7427, 0.4809, -0.466, 0.4685, 0.4788, 0.7425, 0.0035, 1.0, 0.0028, 0.6283, -0.4136, -0.6589, -0.6578, -0.4124, -0.6302, -0.466, 0.4839, -0.7407, 0.7427, 0.4809, -0.466, -0.6578, -0.4124, -0.6302, -0.6283, -0.4136, 0.6589, -0.7405, 0.4818, 0.4686, -0.466, 0.4839, -0.7407, -0.1524, -0.6436, 0.75, 0.2302, -0.6943, 0.6819, 0.1524, -0.6436, -0.75, -0.2302, -0.6943, -0.6819, 0.7464, -0.6476, 0.1531, 0.6786, -0.6972, -0.2311, -0.7464, -0.6476, -0.1531, -0.6786, -0.6972, 0.2311, 0.7464, -0.6476, 0.1531, -0.6786, -0.6972, 0.2311, -0.7464, -0.6476, -0.1531, 0.6786, -0.6972, -0.2311, -0.2162, -0.5031, 0.8368, 0.4351, -0.501, 0.7481, 0.2059, 0.5714, 0.7944, -0.4117, 0.5761, 0.7061, 0.2162, -0.5031, -0.8368, -0.4351, -0.501, -0.7481, -0.2059, 0.5714, -0.7944, 0.4117, 0.5761, -0.7061, 0.9355, 0.2575, 0.2421, 0.8539, -0.1507, -0.4982, 0.7963, 0.5687, -0.2059, 0.707, 0.5749, 0.4119, -0.9355, 0.2575, -0.2421, -0.8539, -0.1507, 0.4982, -0.7963, 0.5687, 0.2059, -0.707, 0.5749, -0.4119, 0.9355, 0.2575, 0.2421, 0.707, 0.5749, 0.4119, -0.8539, -0.1507, 0.4982, -0.7963, 0.5687, 0.2059, -0.9355, 0.2575, -0.2421, -0.707, 0.5749, -0.4119, 0.8539, -0.1507, -0.4982, 0.7963, 0.5687, -0.2059, -0.4351, -0.501, -0.7481, -0.2162, -0.5031, 0.8368, -0.8539, -0.1507, 0.4982, -0.9355, 0.2575, -0.2421, 0.2162, -0.5031, -0.8368, 0.4351, -0.501, 0.7481, 0.8539, -0.1507, -0.4982, 0.9355, 0.2575, 0.2421], "uvs": [0.12504, 0.80169, 0.81401, 0.80169, 0.62052, 0.06622, 0.31853, 0.06622, 0.47164, 0.00679, 0.8268, 0.8053, 0.11997, 0.8053, 0.31847, 0.06552, 0.6283, 0.06552, 0.47515, 0.00592, 0.81401, 0.80169, 0.12504, 0.80169, 0.31853, 0.06622, 0.62052, 0.06622, 0.11997, 0.8053, 0.8268, 0.8053, 0.6283, 0.06552, 0.31847, 0.06552, 0.36753, 0.88349, 0.57154, 0.88349, 0.57154, 0.88349, 0.36753, 0.88349, 0.5804, 0.88741, 0.36638, 0.88741, 0.36638, 0.88741, 0.5804, 0.88741, 0.68663, 0.88356, 0.25242, 0.88356, 0.25242, 0.88356, 0.68663, 0.88356, 0.29108, 0.99577, 0.64938, 0.99577, 0.57231, 0.88809, 0.36814, 0.88809, 0.64938, 0.99577, 0.29108, 0.99577, 0.36814, 0.88809, 0.57231, 0.88809, 0.65064, 0.99586, 0.28173, 0.99586, 0.36108, 0.8882, 0.57129, 0.8882, 0.28173, 0.99586, 0.65064, 0.99586, 0.57129, 0.8882, 0.36108, 0.8882, 0.87059, 0.99591, 0.7492, 0.88817, 0.06986, 0.99591, 0.19124, 0.88817, 0.06986, 0.99591, 0.19124, 0.88817, 0.87059, 0.99591, 0.7492, 0.88817, 0.72963, 0.23459, 0.72963, 0.40308, 0.63985, 0.35892, 0.63985, 0.27877, 0.88874, 0.23459, 0.88874, 0.40308, 0.9785, 0.27877, 0.9785, 0.35892], "tris": [0, 1, 2, 2, 3, 0, 3, 2, 4, 5, 6, 7, 7, 8, 5, 8, 7, 9, 10, 11, 12, 12, 13, 10, 13, 12, 4, 14, 15, 16, 16, 17, 14, 17, 16, 9, 18, 19, 1, 1, 0, 18, 20, 21, 11, 11, 10, 20, 22, 23, 6, 6, 5, 22, 24, 25, 15, 15, 14, 24, 1, 19, 26, 0, 27, 18, 11, 21, 28, 10, 29, 20, 30, 31, 32, 32, 33, 30, 34, 35, 36, 36, 37, 34, 38, 39, 40, 40, 41, 38, 42, 43, 44, 44, 45, 42, 31, 46, 47, 47, 32, 31, 48, 30, 33, 33, 49, 48, 35, 50, 51, 51, 36, 35, 52, 34, 37, 37, 53, 52, 54, 55, 56, 56, 57, 54, 58, 59, 55, 55, 54, 58, 60, 61, 59, 59, 58, 60], "skinIndices": [1, 1, 1, 1, 1, 1, 1, 1, 1, 1, 1, 1, 1, 1, 1, 1, 1, 1, 1, 1, 1, 1, 1, 1, 1, 1, 1, 1, 1, 1, 1, 1, 1, 1, 1, 1, 1, 1, 1, 1, 1, 1, 1, 1, 1, 1, 1, 1, 1, 1, 1, 1, 1, 1, 1, 1, 1, 1, 1, 1, 1, 1], "skinWeights": [1.0, 1.0, 1.0, 1.0, 1.0, 1.0, 1.0, 1.0, 1.0, 1.0, 1.0, 1.0, 1.0, 1.0, 1.0, 1.0, 1.0, 1.0, 1.0, 1.0, 1.0, 1.0, 1.0, 1.0, 1.0, 1.0, 1.0, 1.0, 1.0, 1.0, 1.0, 1.0, 1.0, 1.0, 1.0, 1.0, 1.0, 1.0, 1.0, 1.0, 1.0, 1.0, 1.0, 1.0, 1.0, 1.0, 1.0, 1.0, 1.0, 1.0, 1.0, 1.0, 1.0, 1.0, 1.0, 1.0, 1.0, 1.0, 1.0, 1.0, 1.0, 1.0]}]}