{"name": "DEBRIS/TIKKI_debris3", "bones": [{"name": "dummy bone", "parent": -1, "bindLocal": [0.393701, -0.0, -0.0, 0.059996, -0.0, 0.0, -0.393701, 0.0, -0.0, 0.27922, 0.0, -6.063384, 0.0, 0.0, 0.0, 1.0], "invBind": [2.54, -0.0, 0.0, -0.152389, 0.0, 0.0, 3.5814, 21.715403, -0.0, -2.54, 0.0, 2e-06, 0.0, 0.0, 0.0, 1.0]}, {"name": "Mesh01", "parent": -1, "bindLocal": [1.0, -0.0, 0.0, 0.0, -0.0, 0.0, 1.0, 0.0, -0.0, -1.0, 0.0, -0.0, 0.0, 0.0, 0.0, 1.0], "invBind": [1.0, -0.0, -0.0, -0.0, -0.0, 0.0, -1.0, -0.0, 0.0, 1.0, 0.0, -0.0, 0.0, 0.0, 0.0, 1.0]}], "parts": [{"texture": "tikki3o.jpg", "keyed": false, "influencesPerVertex": 1, "verts": [2.81482, -2.86055, 0.61561, 2.29905, 2.60289, -2.11582, 3.19699, 2.17316, 0.23019, 2.07779, -2.94051, -1.15141, 0.06652, 2.78286, -3.25099, 0.24621, -2.98425, -1.93743, -2.23379, 2.4545, -2.42659, -1.5484, -3.07038, -1.33258, -3.2133, 1.84289, -0.19673, -2.31341, -3.1222, 0.4233, -2.31341, -3.1222, 0.4233, -2.28308, 1.24799, 2.55777, -3.2133, 1.84289, -0.19673, -1.62088, -3.02782, 2.29372, -0.04753, 0.81581, 4.34554, 0.16346, -2.90893, 3.37869, 2.2565, 1.2969, 2.83168, 2.00531, -2.84721, 2.47478, 3.19699, 2.17316, 0.23019, 2.81482, -2.86055, 0.61561, -0.05496, 2.82551, -0.1375, 3.19699, 2.17316, 0.23019, 2.29905, 2.60289, -2.11582, 0.06652, 2.78286, -3.25099, -2.23379, 2.4545, -2.42659, -3.2133, 1.84289, -0.19673, -0.05496, 2.82551, -0.1375, -3.2133, 1.84289, -0.19673, -2.28308, 1.24799, 2.55777, -0.04753, 0.81581, 4.34554, 2.2565, 1.2969, 2.83168, 3.19699, 2.17316, 0.23019, 2.81482, -2.86055, 0.61561, 2.00531, -2.84721, 2.47478, 2.07779, -2.94051, -1.15141, 2.07779, -2.94051, -1.15141, 2.00531, -2.84721, 2.47478, 0.24621, -2.98425, -1.93743, 0.24621, -2.98425, -1.93743, 2.00531, -2.84721, 2.47478, -1.5484, -3.07038, -1.33258, -1.5484, -3.07038, -1.33258, 2.00531, -2.84721, 2.47478, -2.31341, -3.1222, 0.4233, -2.31341, -3.1222, 0.4233, 2.00531, -2.84721, 2.47478, -1.62088, -3.02782, 2.29372, -1.62088, -3.02782, 2.29372, 2.00531, -2.84721, 2.47478, 0.16346, -2.90893, 3.37869], "normals": [0.9848, -0.1208, -0.1246, 0.7997, -0.1838, -0.5716, 0.9864, -0.1107, 0.1214, 0.6128, -0.2301, -0.756, 0.1835, -0.2859, -0.9405, -0.0721, -0.3081, -0.9486, -0.5156, -0.3127, -0.7977, -0.7249, -0.3095, -0.6154, -0.9456, -0.2658, -0.1874, -0.964, -0.2512, 0.0871, -0.964, -0.2512, 0.0871, -0.8528, -0.2136, 0.4766, -0.9456, -0.2658, -0.1874, -0.7001, -0.2662, 0.6625, -0.2158, -0.3082, 0.9265, 0.1958, -0.2744, 0.9415, 0.686, -0.1802, 0.705, 0.8156, -0.1131, 0.5675, 0.9864, -0.1107, 0.1214, 0.9848, -0.1208, -0.1246, -0.037, 0.9868, 0.1577, 0.1195, 0.9776, 0.1733, 0.0965, 0.9947, 0.0354, -0.0225, 0.9997, -0.0106, -0.1614, 0.9861, 0.0403, -0.2156, 0.9639, 0.1564, -0.037, 0.9868, 0.1577, -0.2156, 0.9639, 0.1564, -0.163, 0.9517, 0.2603, -0.0268, 0.9526, 0.3029, 0.082, 0.9551, 0.2849, 0.1195, 0.9776, 0.1733, 0.0316, -0.9993, 0.0189, 0.0316, -0.9993, 0.0189, 0.0316, -0.9993, 0.0189, 0.009, -0.9998, 0.0184, 0.009, -0.9998, 0.0184, 0.009, -0.9998, 0.0184, 0.0365, -0.9993, 0.0075, 0.0365, -0.9993, 0.0075, 0.0365, -0.9993, 0.0075, 0.0456, -0.999, -0.001, 0.0456, -0.999, -0.001, 0.0456, -0.999, -0.001, 0.0341, -0.9991, 0.0231, 0.0341, -0.9991, 0.0231, 0.0341, -0.9991, 0.0231, 0.0342, -0.9992, 0.0213, 0.0342, -0.9992, 0.0213, 0.0342, -0.9992, 0.0213], "uvs": [0.62398, 0.22431, 0.67955, 0.01214, 0.59368, 0.03239, 0.69538, 0.22431, 0.7744, 0.00376, 0.7744, 0.22431, 0.86827, 0.01214, 0.85245, 0.22431, 0.95513, 0.03239, 0.92482, 0.22431, 0.60523, 0.23626, 0.66746, 0.07368, 0.56276, 0.04746, 0.6889, 0.23626, 0.7747, 0.09545, 0.77513, 0.23626, 0.88413, 0.08112, 0.86239, 0.23626, 0.9875, 0.04746, 0.94502, 0.23626, 0.7657, 0.00245, 0.99547, 0.00245, 0.92818, 0.07136, 0.7657, 0.09991, 0.60322, 0.07136, 0.53593, 0.00245, 0.75604, 0.0023, 0.52319, 0.0023, 0.59177, 0.06944, 0.75558, 0.11053, 0.92076, 0.06944, 0.98889, 0.0023, 0.87369, 0.50352, 0.85514, 0.54459, 0.85681, 0.46448, 0.85681, 0.46448, 0.85514, 0.54459, 0.81486, 0.44711, 0.81486, 0.44711, 0.85514, 0.54459, 0.77376, 0.46047, 0.77376, 0.46047, 0.85514, 0.54459, 0.75623, 0.49927, 0.75623, 0.49927, 0.85514, 0.54459, 0.7721, 0.54059, 0.7721, 0.54059, 0.85514, 0.54459, 0.81296, 0.56456], "tris": [0, 1, 2, 0, 3, 1, 3, 4, 1, 3, 5, 4, 5, 6, 4, 5, 7, 6, 7, 8, 6, 7, 9, 8, 10, 11, 12, 10, 13, 11, 13, 14, 11, 13, 15, 14, 15, 16, 14, 15, 17, 16, 17, 18, 16, 17, 19, 18, 20, 21, 22, 20, 22, 23, 20, 23, 24, 20, 24, 25, 26, 27, 28, 26, 28, 29, 26, 29, 30, 26, 30, 31, 32, 33, 34, 35, 36, 37, 38, 39, 40, 41, 42, 43, 44, 45, 46, 47, 48, 49], "skinIndices": [1, 1, 1, 1, 1, 1, 1, 1, 1, 1, 1, 1, 1, 1, 1, 1, 1, 1, 1, 1, 1, 1, 1, 1, 1, 1, 1, 1, 1, 1, 1, 1, 1, 1, 1, 1, 1, 1, 1, 1, 1, 1, 1, 1, 1, 1, 1, 1, 1, 1], "skinWeights": [1.0, 1.0, 1.0, 1.0, 1.0, 1.0, 1.0, 1.0, 1.0, 1.0, 1.0, 1.0, 1.0, 1.0, 1.0, 1.0, 1.0, 1.0, 1.0, 1.0, 1.0, 1.0, 1.0, 1.0, 1.0, 1.0, 1.0, 1.0, 1.0, 1.0, 1.0, 1.0, 1.0, 1.0, 1.0, 1.0, 1.0, 1.0, 1.0, 1.0, 1.0, 1.0, 1.0, 1.0, 1.0, 1.0, 1.0, 1.0, 1.0, 1.0]}]}