{"name": "DEBRIS/OBELISK_debris2", "bones": [{"name": "dummy bone", "parent": -1, "bindLocal": [0.411765, 0.0, -0.0, 0.0, -0.0, 0.0, -0.411765, -0.0, -0.0, 0.411765, 0.0, -9.882353, 0.0, 0.0, 0.0, 1.0], "invBind": [2.428571, -0.0, -0.0, -0.0, 0.0, 0.0, 2.428571, 24.0, -0.0, -2.428571, 0.0, 1e-06, 0.0, 0.0, 0.0, 1.0]}, {"name": "obelisk02", "parent": -1, "bindLocal": [1.0, -0.0, -0.0, 0.0, 0.0, 0.0, 1.0, 0.0, -0.0, -1.0, 0.0, -0.0, 0.0, 0.0, 0.0, 1.0], "invBind": [1.0, 0.0, -0.0, -0.0, -0.0, 0.0, -1.0, -0.0, -0.0, 1.0, 0.0, -0.0, 0.0, 0.0, 0.0, 1.0]}], "parts": [{"texture": "obelisko.jpg", "keyed": false, "influencesPerVertex": 1, "verts": [5.17008, -8.22699, 5.17002, 2.97161, 12.55155, 2.97147, -3.2839, 9.59807, 3.28395, -5.22881, -8.78403, 5.22891, 4.90144, -5.68795, -4.90129, -4.95414, -6.18834, -4.95427, -3.50335, 7.52393, -3.50344, 3.15013, 10.86417, -3.14994, 5.17008, -8.22699, 5.17002, -5.22881, -8.78403, 5.22891, -4.95414, -6.18834, -4.95427, 4.90144, -5.68795, -4.90129, 2.97161, 12.55155, 2.97147, 5.17008, -8.22699, 5.17002, 4.90144, -5.68795, -4.90129, 3.15013, 10.86417, -3.14994, -4.95414, -6.18834, -4.95427, -5.22881, -8.78403, 5.22891, -3.2839, 9.59807, 3.28395, -3.50335, 7.52393, -3.50344, 3.15013, 10.86417, -3.14994, -3.50335, 7.52393, -3.50344, -3.2839, 9.59807, 3.28395, 2.97161, 12.55155, 2.97147], "normals": [0.4428, 0.1406, 0.8855, 0.8855, 0.1406, 0.4428, -0.6993, 0.148, 0.6993, -0.6993, 0.148, 0.6993, 0.6993, 0.148, -0.6993, -0.8855, 0.1406, -0.4428, -0.4428, 0.1406, -0.8855, 0.6993, 0.148, -0.6993, 0.0505, -0.9681, -0.2454, 0.0505, -0.9681, -0.2454, 0.0505, -0.9681, -0.2454, 0.0505, -0.9681, -0.2454, 0.8855, 0.1406, 0.4428, 0.4428, 0.1406, 0.8855, 0.6993, 0.148, -0.6993, 0.6993, 0.148, -0.6993, -0.8855, 0.1406, -0.4428, -0.6993, 0.148, 0.6993, -0.6993, 0.148, 0.6993, -0.4428, 0.1406, -0.8855, -0.4234, 0.8701, -0.2522, -0.4234, 0.8701, -0.2522, -0.4234, 0.8701, -0.2522, -0.4234, 0.8701, -0.2522], "uvs": [0.76204, 0.60415, 0.63765, 0.13132, 0.28373, 0.19853, 0.17367, 0.61683, 0.74685, 0.54638, 0.18921, 0.55776, 0.27131, 0.24572, 0.64775, 0.16972, 0.24782, 0.24959, 0.08786, 0.25049, 0.09208, 0.09384, 0.24369, 0.09466, 0.64587, 0.131, 0.77349, 0.60661, 0.18888, 0.5485, 0.29054, 0.16962, 0.18581, 0.55995, 0.77691, 0.61936, 0.66401, 0.19861, 0.27003, 0.24608, 0.21675, 0.1216, 0.1144, 0.11616, 0.11778, 0.22057, 0.21401, 0.21576], "tris": [0, 1, 2, 2, 3, 0, 4, 5, 6, 6, 7, 4, 8, 9, 10, 10, 11, 8, 12, 13, 14, 14, 15, 12, 16, 17, 18, 18, 19, 16, 20, 21, 22, 22, 23, 20], "skinIndices": [1, 1, 1, 1, 1, 1, 1, 1, 1, 1, 1, 1, 1, 1, 1, 1, 1, 1, 1, 1, 1, 1, 1, 1], "skinWeights": [1.0, 1.0, 1.0, 1.0, 1.0, 1.0, 1.0, 1.0, 1.0, 1.0, 1.0, 1.0, 1.0, 1.0, 1.0, 1.0, 1.0, 1.0, 1.0, 1.0, 1.0, 1.0, 1.0, 1.0]}]}