{"name": "TIKKI1", "bones": [{"name": "dummy bone", "parent": -1, "bindLocal": [0.393701, -0.0, -0.0, 5.033326, -0.0, 0.0, -0.393701, -0.0, -0.0, 0.27922, 0.0, -0.0, 0.0, 0.0, 0.0, 1.0], "invBind": [2.54, -0.0, 0.0, -12.784646, 0.0, 0.0, 3.5814, 0.0, -0.0, -2.54, 0.0, 0.0, 0.0, 0.0, 0.0, 1.0]}, {"name": "tikki_1", "parent": -1, "bindLocal": [1.0, -0.0, 0.0, 0.0, -0.0, 0.0, 1.0, 0.0, -0.0, -1.0, 0.0, -0.0, 0.0, 0.0, 0.0, 1.0], "invBind": [1.0, -0.0, -0.0, -0.0, -0.0, 0.0, -1.0, -0.0, 0.0, 1.0, 0.0, -0.0, 0.0, 0.0, 0.0, 1.0]}], "parts": [{"texture": "tikki1o.jpg", "keyed": false, "influencesPerVertex": 1, "verts": [5e-05, -1.19675, -4e-05, 0.9812, -1.19675, -2.36894, 2.36897, -1.19675, -0.98121, -0.98122, -1.19675, -2.36894, -2.36899, -1.19675, -0.98121, -2.36899, -1.19675, 0.98121, -0.98122, -1.19675, 2.36894, 0.9812, -1.19675, 2.36894, 2.36897, -1.19675, 0.98121, 2.36897, -1.19675, -0.98121, 1.17528, 2.1281, -2.60856, 2.71552, 2.6739, -1.08048, 0.9812, -1.19675, -2.36894, -1.05347, 1.93308, -2.60856, -0.98122, -1.19675, -2.36894, -2.66512, 2.20317, -1.08048, -2.36899, -1.19675, -0.98121, -2.36899, -1.19675, -0.98121, -2.71554, 2.78004, 1.08048, -2.66512, 2.20317, -1.08048, -2.36899, -1.19675, 0.98121, -2.36899, -1.19675, 0.98121, -1.1753, 3.32541, 2.60856, -2.71554, 2.78004, 1.08048, -0.98122, -1.19675, 2.36894, 1.05345, 3.52043, 2.60856, 0.9812, -1.19675, 2.36894, 2.6651, 3.25076, 1.08048, 2.36897, -1.19675, 0.98121, 2.36897, -1.19675, 0.98121, 2.71552, 2.6739, -1.08048, 2.6651, 3.25076, 1.08048, 2.36897, -1.19675, -0.98121, 0.8607, 10.64689, -2.07798, 2.07803, 10.64689, -0.86076, -0.86071, 10.64689, -2.07798, -2.07804, 10.64689, -0.86076, -2.07804, 10.64689, 0.86076, -2.07804, 10.64689, -0.86076, -0.86071, 10.64689, 2.07798, -2.07804, 10.64689, 0.86076, 0.8607, 10.64689, 2.07798, 2.07803, 10.64689, 0.86076, 2.07803, 10.64689, -0.86076, 2.07803, 10.64689, 0.86076, 0.9812, 18.79118, -2.36894, 2.36897, 19.17, -0.98121, -0.98122, 18.79118, -2.36894, -2.36899, 19.17, -0.98121, -2.36899, 19.92334, 0.98121, -2.36899, 19.17, -0.98121, -0.98122, 20.52177, 2.36894, -2.36899, 19.92334, 0.98121, 0.9812, 20.52177, 2.36894, 2.36897, 19.92334, 0.98121, 2.36897, 19.17, -0.98121, 2.36897, 19.92334, 0.98121, 0.86721, 20.66675, -2.06285, 2.09359, 22.91165, -0.75178, -0.86723, 20.66675, -2.06285, -2.0936, 22.91165, -0.75178, -3.92032, 20.72197, -0.32452, -4.02044, 23.42465, 0.4062, -4.02044, 22.45386, -0.2145, -3.92032, 21.01192, 0.40732, -0.86723, 27.07914, 1.73391, -2.0936, 25.33646, 0.70433, 0.86721, 27.07914, 1.73391, 2.09359, 25.33646, 0.70433, 3.78448, 20.79273, 0.44808, 3.8846, 22.46336, -0.22661, 3.8846, 23.25121, 0.43852, 3.78448, 20.73664, -0.3121, 5e-05, 23.87294, -1.27839, -2.0936, 25.33646, 0.70433, -0.86723, 27.07914, 1.73391, 0.86721, 27.07914, 1.73391, 2.09359, 25.33646, 0.70433, -2.36899, 19.17, -0.98121, -2.36899, 19.92334, 0.98121, -2.0936, 25.33646, 0.70433, -2.36899, 19.17, -0.98121, -2.36899, 19.92334, 0.98121, -3.92032, 21.01192, 0.40732, -3.92032, 20.72197, -0.32452, -3.92032, 20.72197, -0.32452, -4.02044, 22.45386, -0.2145, -4.02044, 23.42465, 0.4062, -2.36899, 19.92334, 0.98121, -2.0936, 25.33646, 0.70433, -4.02044, 23.42465, 0.4062, -4.02044, 23.42465, 0.4062, -3.92032, 21.01192, 0.40732, -2.36899, 19.92334, 0.98121, 2.36897, 19.92334, 0.98121, 2.36897, 19.17, -0.98121, 3.78448, 20.73664, -0.3121, 3.78448, 20.73664, -0.3121, 3.78448, 20.79273, 0.44808, 2.36897, 19.92334, 0.98121, 3.8846, 22.46336, -0.22661, 3.78448, 20.73664, -0.3121, 2.09359, 25.33646, 0.70433, 2.36897, 19.92334, 0.98121, 3.78448, 20.79273, 0.44808, 3.8846, 23.25121, 0.43852, 3.8846, 23.25121, 0.43852, -2.36899, 19.92334, 0.98121, -2.0936, 25.33646, 0.70433, -4.02044, 23.42465, 0.4062, 3.78448, 20.73664, -0.3121, 3.78448, 20.79273, 0.44808, 2.36897, 19.92334, 0.98121], "normals": [-0.0, -1.0, -0.0, -0.0, -1.0, -0.0, -0.0, -1.0, -0.0, -0.0, -1.0, -0.0, -0.0, -1.0, -0.0, -0.0, -1.0, -0.0, -0.0, -1.0, -0.0, -0.0, -1.0, -0.0, -0.0, -1.0, -0.0, 0.8582, -0.1317, -0.4961, 0.3815, -0.0133, -0.9243, 0.9263, -0.0032, -0.3769, 0.2525, -0.1206, -0.9601, -0.3745, -0.0085, -0.9272, -0.4967, -0.1149, -0.8603, -0.9174, -0.0062, -0.3978, -0.9595, -0.1282, -0.2508, -0.9595, -0.1282, -0.2508, -0.9262, -0.0036, 0.3771, -0.9174, -0.0062, -0.3978, -0.8526, -0.117, 0.5093, -0.8526, -0.117, 0.5093, -0.3816, 0.0074, 0.9243, -0.9262, -0.0036, 0.3771, -0.2499, -0.0861, 0.9644, 0.3745, 0.018, 0.927, 0.494, -0.0807, 0.8657, 0.9176, 0.0146, 0.3973, 0.9579, -0.1097, 0.2654, 0.9579, -0.1097, 0.2654, 0.9263, -0.0032, -0.3769, 0.9176, 0.0146, 0.3973, 0.8582, -0.1317, -0.4961, 0.3788, 0.0257, -0.9251, 0.9238, 0.0331, -0.3815, -0.3847, 0.0194, -0.9228, -0.9223, 0.0242, -0.3857, -0.9254, 0.0341, 0.3774, -0.9223, 0.0242, -0.3857, -0.3845, 0.036, 0.9224, -0.9254, 0.0341, 0.3774, 0.3804, 0.0324, 0.9243, 0.9216, 0.033, 0.3868, 0.9238, 0.0331, -0.3815, 0.9216, 0.033, 0.3868, 0.3789, 0.0946, -0.9206, 0.7602, 0.0572, -0.6471, -0.3513, 0.0788, -0.9329, -0.7463, 0.0221, -0.6652, -0.7577, 0.0229, 0.6522, -0.7463, 0.0221, -0.6652, -0.3852, 0.0462, 0.9217, -0.7577, 0.0229, 0.6522, 0.3844, 0.0407, 0.9223, 0.7468, 0.0134, 0.665, 0.7602, 0.0572, -0.6471, 0.7468, 0.0134, 0.665, 0.35, 0.2802, -0.8939, 0.4092, 0.4501, -0.7937, -0.1866, 0.2952, -0.937, -0.4258, 0.3237, -0.8449, -0.9956, -0.0741, 0.058, -0.9956, -0.0741, 0.058, -0.991, -0.0897, 0.0995, -0.9982, -0.0584, 0.0164, -0.5951, 0.6857, 0.419, -0.5848, 0.7562, -0.2936, 0.3587, 0.7452, 0.562, 0.7429, 0.5809, 0.3327, 0.9972, -0.0694, 0.0261, 0.9972, -0.0694, 0.0261, 0.9972, -0.057, 0.0479, 0.9966, -0.0818, 0.0043, -0.0, 0.62, -0.7846, -0.5848, 0.7562, -0.2936, -0.5951, 0.6857, 0.419, 0.3587, 0.7452, 0.562, 0.7429, 0.5809, 0.3327, -0.9974, 0.0701, -0.0191, -0.9974, 0.0701, -0.0191, -0.9974, 0.0701, -0.0191, -0.4971, -0.8363, 0.2312, -0.5, -0.8356, 0.2274, -0.4971, -0.8363, 0.2312, -0.4943, -0.8369, 0.235, -0.2978, 0.0888, -0.9505, -0.3203, 0.4558, -0.8305, -0.5431, 0.419, 0.7276, -0.7577, 0.0229, 0.6522, -0.5848, 0.7562, -0.2936, -0.5431, 0.419, 0.7276, -0.5431, 0.419, 0.7276, -0.3557, -0.0202, 0.9344, -0.7577, 0.0229, 0.6522, 0.4777, -0.8679, 0.1357, 0.535, -0.8152, 0.2219, 0.4777, -0.8679, 0.1357, 0.4777, -0.8679, 0.1357, 0.4141, -0.909, 0.0478, 0.4777, -0.8679, 0.1357, 0.3608, 0.3101, -0.8796, 0.4076, 0.0304, -0.9127, 0.7429, 0.5809, 0.3327, 0.7468, 0.0134, 0.665, 0.2315, 0.0442, 0.9718, 0.5256, 0.826, -0.2037, 0.5256, 0.826, -0.2037, -0.2107, 0.0854, 0.9738, -0.2107, 0.0854, 0.9738, -0.2107, 0.0854, 0.9738, 0.4141, -0.909, 0.0478, 0.4141, -0.909, 0.0478, 0.4141, -0.909, 0.0478],