{"name": "TORCH", "bones": [{"name": "dummy bone", "parent": -1, "bindLocal": [-0.0, -0.0, 1.0, 0.0, -0.0, 1.0, 0.0, 0.0, -1.0, -0.0, 0.0, -0.0, 0.0, 0.0, 0.0, 1.0], "invBind": [0.0, -0.0, -1.0, 0.0, -0.0, 1.0, 0.0, 0.0, 1.0, 0.0, -0.0, 0.0, 0.0, 0.0, 0.0, 1.0]}, {"name": "Box04", "parent": -1, "bindLocal": [0.0, -0.0, -1.0, -0.0, -0.0, 1.0, -0.0, 0.0, 1.0, 0.0, 0.0, 0.0, 0.0, 0.0, 0.0, 1.0], "invBind": [0.0, -0.0, 1.0, -0.0, -0.0, 1.0, 0.0, -0.0, -1.0, -0.0, 0.0, -0.0, 0.0, 0.0, 0.0, 1.0]}], "parts": [{"texture": "torch.png", "keyed": true, "influencesPerVertex": 1, "verts": [0.25009, -1.06621, -0.08675, -0.24496, 4.39176, 0.04228, -0.11977, 4.39176, 0.4836, 0.02773, -1.06621, 0.38659, 0.47803, 8.6718, -0.4998, 0.33849, 8.6718, -0.0927, 0.19515, 13.1859, -0.16727, 0.15266, 13.1859, 0.35397, 0.17764, 14.80217, -0.50771, 0.58513, 14.80217, 0.48393, 0.19515, 15.49958, -0.16727, 0.15266, 15.49958, 0.35397, -0.03684, -1.06621, -0.31631, -0.24099, -1.06621, 0.11596, -0.45341, 4.39176, 0.45909, -0.56702, 4.39176, 0.05544, -0.25417, 8.6718, -0.23693, -0.12487, 8.6718, -0.60893, -0.19384, 13.1859, 0.19457, -0.15398, 13.1859, -0.28179, -0.1961, 14.80217, 0.51525, -0.56667, 14.80217, -0.39197, -0.19384, 15.49958, 0.19457, -0.15398, 15.49958, -0.28179, 0.02773, -1.06621, 0.38659, -0.11977, 4.39176, 0.4836, -0.19384, 13.1859, 0.19457, 0.15266, 13.1859, 0.35397, 0.58513, 14.80217, 0.48393, 0.15266, 15.49958, 0.35397], "normals": [0.9673, 0.072, -0.2433, 0.75, -0.0316, -0.6607, 0.6515, 0.0721, 0.7552, 0.0582, -0.035, 0.9977, 0.8198, -0.0665, -0.5688, 0.5187, -0.0773, 0.8515, 0.7646, -0.0658, -0.6411, 0.5367, -0.146, 0.8311, 0.6222, 0.1022, -0.7761, 0.7336, 0.1092, 0.6708, 0.4674, 0.5357, -0.7033, 0.5076, 0.8293, 0.2335, -0.5515, 0.0083, -0.8341, -0.9845, -0.0489, 0.1684, -0.7957, 0.0088, 0.6056, -0.7083, -0.0512, -0.704, -0.798, 0.096, 0.595, -0.5208, 0.0177, -0.8535, -0.8676, -0.0684, 0.4926, -0.6708, -0.1156, -0.7326, -0.6732, 0.0282, 0.7389, -0.757, 0.2232, -0.6141, -0.5916, 0.5567, 0.5831, -0.1979, 0.9065, -0.3729, 0.0582, -0.035, 0.9977, 0.6515, 0.0721, 0.7552, -0.8676, -0.0684, 0.4926, 0.5367, -0.146, 0.8311, 0.7336, 0.1092, 0.6708, 0.5076, 0.8293, 0.2335], "uvs": [0.02613, 0.9995, -0.12239, 0.67036, -0.18812, 0.67036, -0.24321, 0.9995, 0.19764, 0.41571, 0.07318, 0.41571, 0.09148, 0.14003, -0.19531, 0.14003, 0.19424, 0.04256, -0.11851, 0.04256, 0.09148, 0.0005, -0.19531, 0.0005, 0.27694, 0.9995, 0.5918, 0.9995, 0.71402, 0.67036, 0.5666, 0.67036, 0.36649, 0.41571, 0.28167, 0.41571, 0.6387, 0.14003, 0.34664, 0.14003, 0.69426, 0.04256, 0.41407, 0.04256, 0.6387, 0.0005, 0.34664, 0.0005, 0.7568, 0.9995, 0.81187, 0.67036, -0.3613, 0.14003, 0.80468, 0.14003, 0.88149, 0.04256, 0.80468, 0.0005], "tris": [0, 1, 2, 2, 3, 0, 1, 4, 5, 5, 2, 1, 4, 6, 7, 7, 5, 4, 6, 8, 9, 9, 7, 6, 8, 10, 11, 11, 9, 8, 12, 13, 14, 14, 15, 12, 15, 14, 16, 16, 17, 15, 17, 16, 18, 18, 19, 17, 19, 18, 20, 20, 21, 19, 21, 20, 22, 22, 23, 21, 24, 25, 14, 14, 13, 24, 2, 5, 16, 16, 14, 25, 5, 7, 26, 26, 16, 5, 27, 28, 20, 20, 18, 27, 28, 29, 22, 22, 20, 28, 11, 10, 23, 23, 22, 29, 10, 8, 21, 21, 23, 10, 8, 6, 19, 19, 21, 8, 6, 4, 17, 17, 19, 6, 4, 1, 15, 15, 17, 4, 1, 0, 12, 12, 15, 1], "skinIndices": [1, 1, 1, 1, 1, 1, 1, 1, 1, 1, 1, 1, 1, 1, 1, 1, 1, 1, 1, 1, 1, 1, 1, 1, 1, 1, 1, 1, 1, 1], "skinWeights": [1.0, 1.0, 1.0, 1.0, 1.0, 1.0, 1.0, 1.0, 1.0, 1.0, 1.0, 1.0, 1.0, 1.0, 1.0, 1.0, 1.0, 1.0, 1.0, 1.0, 1.0, 1.0, 1.0, 1.0, 1.0, 1.0, 1.0, 1.0, 1.0, 1.0]}]}