{"name": "TAILS", "bones": [{"name": "dummy bone", "parent": -1, "bindLocal": [0.182236, 0.0, -0.983255, 0.445125, -0.0, 1.0, 0.0, 0.040518, 0.983255, -0.0, 0.182236, 2.401681, 0.0, 0.0, 0.0, 1.0], "invBind": [0.182236, 0.0, 0.983255, -2.442582, 0.0, 1.0, -0.0, -0.040518, -0.983255, 0.0, 0.182236, -0.0, 0.0, 0.0, 0.0, 1.0]}, {"name": "Plane04", "parent": -1, "bindLocal": [0.182236, 0.0, 0.983255, 0.0, 0.0, 1.0, -0.0, 0.0, -0.983255, 0.0, 0.182236, -0.0, 0.0, 0.0, 0.0, 1.0], "invBind": [0.182236, 0.0, -0.983255, -0.0, 0.0, 1.0, 0.0, -0.0, 0.983255, -0.0, 0.182236, -0.0, 0.0, 0.0, 0.0, 1.0]}], "parts": [{"texture": "cattailso.png", "keyed": true, "influencesPerVertex": 1, "verts": [-0.58821, -0.53598, 3.17364, -0.58821, 11.34069, 3.17364, 0.58821, 11.34069, -3.17364, 0.58821, -0.53598, -3.17364, -0.58821, 11.34069, 3.17364, -0.58821, -0.53598, 3.17364, 0.58821, 11.34069, -3.17364, 0.58821, -0.53598, -3.17364, -3.22769, -0.53598, 5e-05, -3.22769, 15.7428, 5e-05, 3.22769, 15.7428, 5e-05, 3.22769, -0.53598, 5e-05, -3.22769, 15.7428, 5e-05, -3.22769, -0.53598, 5e-05, 3.22769, 15.7428, 5e-05, 3.22769, -0.53598, 5e-05], "normals": [-0.9833, -0.0, -0.1822, -0.9833, -0.0, -0.1822, -0.9833, -0.0, -0.1822, -0.9833, -0.0, -0.1822, 0.9833, -0.0, 0.1822, 0.9833, -0.0, 0.1822, 0.9833, -0.0, 0.1822, 0.9833, -0.0, 0.1822, -0.0, -0.0, -1.0, -0.0, -0.0, -1.0, -0.0, -0.0, -1.0, -0.0, -0.0, -1.0, 0.0, -0.0, 1.0, 0.0, -0.0, 1.0, 0.0, -0.0, 1.0, 0.0, -0.0, 1.0], "uvs": [0.76087, 0.4372, 0.76087, 0.0, 0.99517, 0.0, 0.99517, 0.4372, 0.76087, 0.0, 0.76087, 0.4372, 0.99517, 0.0, 0.99517, 0.4372, 0.0, 1.0, 0.0, 0.0, 0.38164, 0.0, 0.38164, 1.0, 0.0, 0.0, 0.0, 1.0, 0.38164, 0.0, 0.38164, 1.0], "tris": [0, 1, 2, 2, 3, 0, 4, 5, 6, 7, 6, 5, 8, 9, 10, 10, 11, 8, 12, 13, 14, 15, 14, 13], "skinIndices": [1, 1, 1, 1, 1, 1, 1, 1, 1, 1, 1, 1, 1, 1, 1, 1], "skinWeights": [1.0, 1.0, 1.0, 1.0, 1.0, 1.0, 1.0, 1.0, 1.0, 1.0, 1.0, 1.0, 1.0, 1.0, 1.0, 1.0]}]}